timestamp,github_run_id,run_dir_name,dataset_id,sector,run_mode,evidence_strength,all_pass,manifest_sha256,stability_criteria_sha256,commit_sha,workflow_source
2026-03-03T19:29:29.477585+00:00,22631656754,20260303_160822,qcc_canonical_full_artifact,unknown,,high,True,,19592e0daf995d48a245d966c92dff4fd7ed770c8712e265dc1cbc4ba224e543,c29459aeb31b2623352f739963b50ab9d56f1398,
2026-03-03T19:29:29.477585+00:00,22632148381,20260303_162037,qcc_canonical_full_artifact,unknown,,high,True,,19592e0daf995d48a245d966c92dff4fd7ed770c8712e265dc1cbc4ba224e543,c29459aeb31b2623352f739963b50ab9d56f1398,
2026-03-04T00:48:14.558722+00:00,22649670754,20260304_004518,qcc_canonical_full_artifact,qcc,full,high,True,,19592e0daf995d48a245d966c92dff4fd7ed770c8712e265dc1cbc4ba224e543,7d501d18b897eab4e9bdd93847f467ebc14fdf91,
2026-03-04T06:58:03.408067+00:00,22650459636,20260304_011454,qcc_canonical_full_artifact,qcc,full,high,True,,19592e0daf995d48a245d966c92dff4fd7ed770c8712e265dc1cbc4ba224e543,029ccf5a7adbb7a88b728ce6bcff9516706524c2,
2026-03-05T01:14:00.311212+00:00,22697444073,20260305_011308,llm_scaling,ai_tech,canonical,,,,19592e0daf995d48a245d966c92dff4fd7ed770c8712e265dc1cbc4ba224e543,b45b40a519697b139bc4d70c0f0a4f8dda960a83,
2026-03-05T01:14:00.311212+00:00,22697444073,20260305_011306,mlperf,ai_tech,canonical,,,,19592e0daf995d48a245d966c92dff4fd7ed770c8712e265dc1cbc4ba224e543,b45b40a519697b139bc4d70c0f0a4f8dda960a83,
2026-03-05T01:14:00.311212+00:00,22697444073,20260305_011338,ecology_pelt,bio,canonical,,,,19592e0daf995d48a245d966c92dff4fd7ed770c8712e265dc1cbc4ba224e543,b45b40a519697b139bc4d70c0f0a4f8dda960a83,
2026-03-05T01:14:00.311212+00:00,22697444073,20260305_011342,epidemic_ecdc,bio,canonical,,,,19592e0daf995d48a245d966c92dff4fd7ed770c8712e265dc1cbc4ba224e543,b45b40a519697b139bc4d70c0f0a4f8dda960a83,
2026-03-05T01:14:00.311212+00:00,22697444073,20260305_011201,co2_mauna_loa,climate,canonical,,,,19592e0daf995d48a245d966c92dff4fd7ed770c8712e265dc1cbc4ba224e543,b45b40a519697b139bc4d70c0f0a4f8dda960a83,
2026-03-05T01:14:00.311212+00:00,22697444073,20260305_011159,gistemp,climate,canonical,,,,19592e0daf995d48a245d966c92dff4fd7ed770c8712e265dc1cbc4ba224e543,b45b40a519697b139bc4d70c0f0a4f8dda960a83,
2026-03-05T01:14:00.311212+00:00,22697444073,20260305_011307,btc,finance,canonical,,,,19592e0daf995d48a245d966c92dff4fd7ed770c8712e265dc1cbc4ba224e543,b45b40a519697b139bc4d70c0f0a4f8dda960a83,
2026-03-05T01:14:00.311212+00:00,22697444073,20260305_011203,sp500_monthly,finance,canonical,,,,19592e0daf995d48a245d966c92dff4fd7ed770c8712e265dc1cbc4ba224e543,b45b40a519697b139bc4d70c0f0a4f8dda960a83,
2026-03-05T01:14:00.311212+00:00,22697444073,20260305_011312,google_trends,psych,canonical,,,,19592e0daf995d48a245d966c92dff4fd7ed770c8712e265dc1cbc4ba224e543,b45b40a519697b139bc4d70c0f0a4f8dda960a83,
2026-03-05T01:14:00.311212+00:00,22697444073,20260305_011334,wvs_synthetic,psych,canonical,,,,19592e0daf995d48a245d966c92dff4fd7ed770c8712e265dc1cbc4ba224e543,b45b40a519697b139bc4d70c0f0a4f8dda960a83,
2026-03-05T01:14:00.311212+00:00,22697444073,20260305_011237,polaron_real,qcc,canonical,,,,19592e0daf995d48a245d966c92dff4fd7ed770c8712e265dc1cbc4ba224e543,b45b40a519697b139bc4d70c0f0a4f8dda960a83,
2026-03-05T01:14:00.311212+00:00,22697444073,20260305_011158,stateprob_brisbane,qcc,canonical,,,,19592e0daf995d48a245d966c92dff4fd7ed770c8712e265dc1cbc4ba224e543,b45b40a519697b139bc4d70c0f0a4f8dda960a83,
2026-03-05T01:14:00.311212+00:00,22697444073,20260305_011242,twitter_amzn,social,canonical,,,,19592e0daf995d48a245d966c92dff4fd7ed770c8712e265dc1cbc4ba224e543,b45b40a519697b139bc4d70c0f0a4f8dda960a83,
2026-03-05T01:14:00.311212+00:00,22697444073,20260305_011234,twitter_fb,social,canonical,,,,19592e0daf995d48a245d966c92dff4fd7ed770c8712e265dc1cbc4ba224e543,b45b40a519697b139bc4d70c0f0a4f8dda960a83,
2026-03-05T01:14:00.311212+00:00,22697444073,20260305_011231,eurobarometer_99,survey,canonical,,,,19592e0daf995d48a245d966c92dff4fd7ed770c8712e265dc1cbc4ba224e543,b45b40a519697b139bc4d70c0f0a4f8dda960a83,
2026-03-05T05:00:15.353014+00:00,22703032941,20260305_045924,llm_scaling,ai_tech,4d3e84352f1a002b974371deb3e0eeab2e3aa6c5,,,19592e0daf995d48a245d966c92dff4fd7ed770c8712e265dc1cbc4ba224e543,canonical,Real Data Canonical (Nightly/Weekly)
2026-03-05T05:00:15.353014+00:00,22703032941,20260305_045918,mlperf,ai_tech,4d3e84352f1a002b974371deb3e0eeab2e3aa6c5,,,19592e0daf995d48a245d966c92dff4fd7ed770c8712e265dc1cbc4ba224e543,canonical,Real Data Canonical (Nightly/Weekly)
2026-03-05T05:00:15.353014+00:00,22703032941,20260305_045955,ecology_pelt,bio,4d3e84352f1a002b974371deb3e0eeab2e3aa6c5,,,19592e0daf995d48a245d966c92dff4fd7ed770c8712e265dc1cbc4ba224e543,canonical,Real Data Canonical (Nightly/Weekly)
2026-03-05T05:00:15.353014+00:00,22703032941,20260305_045953,epidemic_ecdc,bio,4d3e84352f1a002b974371deb3e0eeab2e3aa6c5,,,19592e0daf995d48a245d966c92dff4fd7ed770c8712e265dc1cbc4ba224e543,canonical,Real Data Canonical (Nightly/Weekly)
2026-03-05T05:00:15.353014+00:00,22703032941,20260305_045814,co2_mauna_loa,climate,4d3e84352f1a002b974371deb3e0eeab2e3aa6c5,,,19592e0daf995d48a245d966c92dff4fd7ed770c8712e265dc1cbc4ba224e543,canonical,Real Data Canonical (Nightly/Weekly)
2026-03-05T05:00:15.353014+00:00,22703032941,20260305_045815,gistemp,climate,4d3e84352f1a002b974371deb3e0eeab2e3aa6c5,,,19592e0daf995d48a245d966c92dff4fd7ed770c8712e265dc1cbc4ba224e543,canonical,Real Data Canonical (Nightly/Weekly)
2026-03-05T05:00:15.353014+00:00,22703032941,20260305_045924,btc,finance,4d3e84352f1a002b974371deb3e0eeab2e3aa6c5,,,19592e0daf995d48a245d966c92dff4fd7ed770c8712e265dc1cbc4ba224e543,canonical,Real Data Canonical (Nightly/Weekly)
2026-03-05T05:00:15.353014+00:00,22703032941,20260305_045813,sp500_monthly,finance,4d3e84352f1a002b974371deb3e0eeab2e3aa6c5,,,19592e0daf995d48a245d966c92dff4fd7ed770c8712e265dc1cbc4ba224e543,canonical,Real Data Canonical (Nightly/Weekly)
2026-03-05T05:00:15.353014+00:00,22703032941,20260305_045919,google_trends,psych,4d3e84352f1a002b974371deb3e0eeab2e3aa6c5,,,19592e0daf995d48a245d966c92dff4fd7ed770c8712e265dc1cbc4ba224e543,canonical,Real Data Canonical (Nightly/Weekly)
2026-03-05T05:00:15.353014+00:00,22703032941,20260305_045951,wvs_synthetic,psych,4d3e84352f1a002b974371deb3e0eeab2e3aa6c5,,,19592e0daf995d48a245d966c92dff4fd7ed770c8712e265dc1cbc4ba224e543,canonical,Real Data Canonical (Nightly/Weekly)
2026-03-05T05:00:15.353014+00:00,22703032941,20260305_045845,polaron_real,qcc,4d3e84352f1a002b974371deb3e0eeab2e3aa6c5,,,19592e0daf995d48a245d966c92dff4fd7ed770c8712e265dc1cbc4ba224e543,canonical,Real Data Canonical (Nightly/Weekly)
2026-03-05T05:00:15.353014+00:00,22703032941,20260305_045814,stateprob_brisbane,qcc,4d3e84352f1a002b974371deb3e0eeab2e3aa6c5,,,19592e0daf995d48a245d966c92dff4fd7ed770c8712e265dc1cbc4ba224e543,canonical,Real Data Canonical (Nightly/Weekly)
2026-03-05T05:00:15.353014+00:00,22703032941,20260305_045846,twitter_amzn,social,4d3e84352f1a002b974371deb3e0eeab2e3aa6c5,,,19592e0daf995d48a245d966c92dff4fd7ed770c8712e265dc1cbc4ba224e543,canonical,Real Data Canonical (Nightly/Weekly)
2026-03-05T05:00:15.353014+00:00,22703032941,20260305_045848,twitter_fb,social,4d3e84352f1a002b974371deb3e0eeab2e3aa6c5,,,19592e0daf995d48a245d966c92dff4fd7ed770c8712e265dc1cbc4ba224e543,canonical,Real Data Canonical (Nightly/Weekly)
2026-03-05T05:00:15.353014+00:00,22703032941,20260305_045845,eurobarometer_99,survey,4d3e84352f1a002b974371deb3e0eeab2e3aa6c5,,,19592e0daf995d48a245d966c92dff4fd7ed770c8712e265dc1cbc4ba224e543,canonical,Real Data Canonical (Nightly/Weekly)
2026-03-05T07:01:49.800076+00:00,22697937864,20260305_013134,llm_scaling,ai_tech,d7d57294e1dd448b97d441c2e656236b21546692,,,19592e0daf995d48a245d966c92dff4fd7ed770c8712e265dc1cbc4ba224e543,canonical,Real Data Canonical (Nightly/Weekly)
2026-03-05T07:01:49.800076+00:00,22697937864,20260305_013141,mlperf,ai_tech,d7d57294e1dd448b97d441c2e656236b21546692,,,19592e0daf995d48a245d966c92dff4fd7ed770c8712e265dc1cbc4ba224e543,canonical,Real Data Canonical (Nightly/Weekly)
2026-03-05T07:01:49.800076+00:00,22697937864,20260305_013214,ecology_pelt,bio,d7d57294e1dd448b97d441c2e656236b21546692,,,19592e0daf995d48a245d966c92dff4fd7ed770c8712e265dc1cbc4ba224e543,canonical,Real Data Canonical (Nightly/Weekly)
2026-03-05T07:01:49.800076+00:00,22697937864,20260305_013212,epidemic_ecdc,bio,d7d57294e1dd448b97d441c2e656236b21546692,,,19592e0daf995d48a245d966c92dff4fd7ed770c8712e265dc1cbc4ba224e543,canonical,Real Data Canonical (Nightly/Weekly)
2026-03-05T07:01:49.800076+00:00,22697937864,20260305_013030,co2_mauna_loa,climate,d7d57294e1dd448b97d441c2e656236b21546692,,,19592e0daf995d48a245d966c92dff4fd7ed770c8712e265dc1cbc4ba224e543,canonical,Real Data Canonical (Nightly/Weekly)
2026-03-05T07:01:49.800076+00:00,22697937864,20260305_013034,gistemp,climate,d7d57294e1dd448b97d441c2e656236b21546692,,,19592e0daf995d48a245d966c92dff4fd7ed770c8712e265dc1cbc4ba224e543,canonical,Real Data Canonical (Nightly/Weekly)
2026-03-05T07:01:49.800076+00:00,22697937864,20260305_013140,btc,finance,d7d57294e1dd448b97d441c2e656236b21546692,,,19592e0daf995d48a245d966c92dff4fd7ed770c8712e265dc1cbc4ba224e543,canonical,Real Data Canonical (Nightly/Weekly)
2026-03-05T07:01:49.800076+00:00,22697937864,20260305_013030,sp500_monthly,finance,d7d57294e1dd448b97d441c2e656236b21546692,,,19592e0daf995d48a245d966c92dff4fd7ed770c8712e265dc1cbc4ba224e543,canonical,Real Data Canonical (Nightly/Weekly)
2026-03-05T07:01:49.800076+00:00,22697937864,20260305_013144,google_trends,psych,d7d57294e1dd448b97d441c2e656236b21546692,,,19592e0daf995d48a245d966c92dff4fd7ed770c8712e265dc1cbc4ba224e543,canonical,Real Data Canonical (Nightly/Weekly)
2026-03-05T07:01:49.800076+00:00,22697937864,20260305_013206,wvs_synthetic,psych,d7d57294e1dd448b97d441c2e656236b21546692,,,19592e0daf995d48a245d966c92dff4fd7ed770c8712e265dc1cbc4ba224e543,canonical,Real Data Canonical (Nightly/Weekly)
2026-03-05T07:01:49.800076+00:00,22697937864,20260305_013107,polaron_real,qcc,d7d57294e1dd448b97d441c2e656236b21546692,,,19592e0daf995d48a245d966c92dff4fd7ed770c8712e265dc1cbc4ba224e543,canonical,Real Data Canonical (Nightly/Weekly)
2026-03-05T07:01:49.800076+00:00,22697937864,20260305_013035,stateprob_brisbane,qcc,d7d57294e1dd448b97d441c2e656236b21546692,,,19592e0daf995d48a245d966c92dff4fd7ed770c8712e265dc1cbc4ba224e543,canonical,Real Data Canonical (Nightly/Weekly)
2026-03-05T07:01:49.800076+00:00,22697937864,20260305_013101,twitter_amzn,social,d7d57294e1dd448b97d441c2e656236b21546692,,,19592e0daf995d48a245d966c92dff4fd7ed770c8712e265dc1cbc4ba224e543,canonical,Real Data Canonical (Nightly/Weekly)
2026-03-05T07:01:49.800076+00:00,22697937864,20260305_013111,twitter_fb,social,d7d57294e1dd448b97d441c2e656236b21546692,,,19592e0daf995d48a245d966c92dff4fd7ed770c8712e265dc1cbc4ba224e543,canonical,Real Data Canonical (Nightly/Weekly)
2026-03-05T07:01:49.800076+00:00,22697937864,20260305_013105,eurobarometer_99,survey,d7d57294e1dd448b97d441c2e656236b21546692,,,19592e0daf995d48a245d966c92dff4fd7ed770c8712e265dc1cbc4ba224e543,canonical,Real Data Canonical (Nightly/Weekly)
2026-03-05T07:01:49.800076+00:00,22697959953,20260305_013235,qcc_canonical_full_artifact,qcc,d7d57294e1dd448b97d441c2e656236b21546692,high,True,19592e0daf995d48a245d966c92dff4fd7ed770c8712e265dc1cbc4ba224e543,full,QCC Canonical Full — Run + Stability + Checks + Manifest
