t,O,R,I,demand,cases,deaths,popData2019,S
2020-01-13,0.24170827562756003,0.0,0.0,1.06498885,0,0,11455519.0,1.06498885
2020-01-14,0.24170827562756003,-0.0,0.0,0.0,0,0,11455519.0,0.0
2020-01-15,0.24170827562756003,-0.0,0.0,0.0,0,0,11455519.0,0.0
2020-01-16,0.18128120672067002,0.06042706890689001,0.0,0.0,0,0,11455519.0,0.0
2020-01-17,0.14502496537653603,0.036256241344133994,0.0,0.0,0,0,11455519.0,0.0
2020-01-18,0.12085413781378002,0.024170827562756014,0.0,0.0,0,0,11455519.0,0.0
2020-01-19,0.10358926098324002,0.017264876830539996,0.0,0.0,0,0,11455519.0,0.0
2020-01-20,0.0,0.10358926098324002,0.0,0.0,0,0,11455519.0,0.0
2020-01-21,0.0,-0.0,0.0,0.0,0,0,11455519.0,0.0
2020-01-22,0.0,-0.0,0.0,0.0,0,0,11455519.0,0.0
2020-01-23,0.0,-0.0,0.0,0.0,0,0,11455519.0,0.0
2020-01-24,0.0,-0.0,0.0,0.0,0,0,11455519.0,0.0
2020-01-25,0.0,-0.0,0.0,0.0,0,0,11455519.0,0.0
2020-01-26,0.0,-0.0,0.0,0.0,0,0,11455519.0,0.0
2020-01-27,0.0,-0.0,0.0,0.0,0,0,11455519.0,0.0
2020-01-28,0.0,-0.0,0.0,0.0,0,0,11455519.0,0.0
2020-01-29,0.0,-0.0,0.0,0.0,0,0,11455519.0,0.0
2020-01-30,0.0,-0.0,0.0,0.0,0,0,11455519.0,0.0
2020-01-31,0.0,-0.0,0.0,0.0,0,0,11455519.0,0.0
2020-02-01,0.0,-0.0,0.0,0.0,0,0,11455519.0,0.0
2020-02-02,0.0,-0.0,0.0,0.0,0,0,11455519.0,0.0
2020-02-03,0.0,-0.0,0.0,0.0,0,0,11455519.0,0.0
2020-02-04,0.0,-0.0,0.0,0.0,1,0,11455519.0,0.0
2020-02-05,0.0012416484152742125,-0.0012416484152742125,0.0,0.00872942,0,0,11455519.0,0.00872942
2020-02-06,0.002483296830548425,-0.0012416484152742125,0.0,0.00872942,0,0,11455519.0,0.00872942
2020-02-07,0.0037249452458226373,-0.0012416484152742123,0.0,0.00872942,0,0,11455519.0,0.00872942
2020-02-08,0.00496659366109685,-0.0012416484152742127,0.0,0.00872942,0,0,11455519.0,0.00872942
2020-02-09,0.006208242076371063,-0.0012416484152742132,0.0,0.00872942,0,0,11455519.0,0.00872942
2020-02-10,0.007449890491645275,-0.0012416484152742114,0.0,0.00872942,0,0,11455519.0,0.00872942
2020-02-11,0.008691538906919488,-0.0012416484152742132,0.0,0.00872942,0,0,11455519.0,0.00872942
2020-02-12,0.008691538906919488,-0.0,0.0,0.00872942,0,0,11455519.0,0.00872942
2020-02-13,0.008691538906919488,0.0006208242076371061,0.0,0.00872942,0,0,11455519.0,0.00872942
2020-02-14,0.008691538906919488,0.0006208242076371061,0.0,0.00872942,0,0,11455519.0,0.00872942
2020-02-15,0.008691538906919488,0.0006208242076371061,0.0,0.00872942,0,0,11455519.0,0.00872942
2020-02-16,0.008691538906919488,0.0006208242076371061,0.0,0.00872942,0,0,11455519.0,0.00872942
2020-02-17,0.008691538906919488,0.0006208242076371061,0.0,0.00872942,0,0,11455519.0,0.00872942
2020-02-18,0.008691538906919488,0.0006208242076371061,0.0,0.00872942,0,0,11455519.0,0.00872942
2020-02-19,0.007449890491645275,0.0018624726229113202,0.0,0.0,0,0,11455519.0,0.0
2020-02-20,0.006208242076371063,0.0018624726229113176,0.0003104121038185531,0.0,0,0,11455519.0,0.0
2020-02-21,0.004966593661096851,0.0012416484152742132,0.0006208242076371061,0.0,0,0,11455519.0,0.0
2020-02-22,0.0037249452458226378,0.0012416484152742123,0.0006208242076371061,0.0,0,0,11455519.0,0.0
2020-02-23,0.002483296830548425,0.0006208242076371066,0.0006208242076371061,0.0,0,0,11455519.0,0.0
2020-02-24,0.0012416484152742125,0.0006208242076371066,0.0006208242076371061,0.0,0,0,11455519.0,0.0
2020-02-25,0.0,0.0012416484152742123,0.0006208242076371061,0.0,0,0,11455519.0,0.0
2020-02-26,0.0,-4.336808689942018e-19,0.0006208242076371061,0.0,0,0,11455519.0,0.0
2020-02-27,0.0,-0.0006208242076371061,0.0006208242076371061,0.0,0,0,11455519.0,0.0
2020-02-28,0.0,-0.0006208242076371061,0.0006208242076371061,0.0,0,0,11455519.0,0.0
2020-02-29,0.0,-0.0,0.0006208242076371061,0.0,0,0,11455519.0,0.0
2020-03-01,0.0,-0.0,0.0006208242076371061,0.0,18,0,11455519.0,0.0
2020-03-02,0.02084890990665427,-0.02084890990665427,0.0006208242076371064,0.1571295,0,0,11455519.0,0.1571295
2020-03-03,0.04169781981330854,-0.02084890990665427,0.0006208242076371066,0.1571295,19,0,11455519.0,0.1571295
2020-03-04,0.08168255299331499,-0.03936390897236935,0.000931236311455659,0.32298842,34,0,11455519.0,0.32298842
2020-03-05,0.15058193024023311,-0.068278553039281,0.0012416484152742119,0.61978859,53,0,11455519.0,0.61978859
2020-03-06,0.25537392611077553,-0.10479199587054244,0.0012416484152742119,1.08244768,81,0,11455519.0,1.08244768
2020-03-07,0.4019272519098884,-0.14655332579911284,0.0012416484152742119,1.78953044,110,0,11455519.0,1.78953044
2020-03-08,0.5907406112489619,-0.1881925351314364,0.0012416484152742119,2.74976629,27,0,11455519.0,2.74976629
2020-03-09,0.7674135408359103,-0.17667292958694836,0.0012416484152742119,2.98546055,64,0,11455519.0,2.98546055
2020-03-10,0.9628273737018372,-0.19541383286592695,0.0012416484152742119,3.54414322,94,1,11455519.0,3.54414322
2020-03-11,1.1628200722821458,-0.19999269858030866,0.0012416484152742123,4.3647084,99,0,11455519.0,4.3647084
2020-03-12,1.3552354191772145,-0.19241534689506867,0.0012416484152742123,5.22892066,174,3,11455519.0,5.22892066
2020-03-13,1.5429311362060727,-0.18769571702885823,0.001241648415274213,6.74783919,251,1,11455519.0,6.74783919
2020-03-14,1.724443331060485,-0.18151219485441228,0.0018624726229113184,8.9389228,338,3,11455519.0,8.9389228
2020-03-15,1.9008314522647445,-0.1763881212042595,0.002483296830548425,11.88946568,179,5,11455519.0,11.88946568
2020-03-16,2.0832957491735384,-0.18184347270115686,0.012286927576238454,13.29490178,214,6,11455519.0,13.29490178
2020-03-17,2.2645650767696934,-0.18064850338851768,0.022400970425747034,15.16299698,387,12,11455519.0,15.16299698
2020-03-18,2.4480169841847528,-0.18283108320742247,0.031968882062423126,18.37542236,422,10,11455519.0,18.37542236
2020-03-19,2.6331467796031056,-0.18450897121071552,0.055373291524917934,21.76243608,535,22,11455519.0,21.76243608
2020-03-20,2.811334165644197,-0.17756656183345454,0.08777692287018593,25.97001498,713,33,11455519.0,25.97001498
2020-03-21,2.9805315315632996,-0.1685765417114653,0.06824192904567017,31.48700639,662,35,11455519.0,31.48700639
2020-03-22,3.132350714087761,-0.1511983583168246,0.045310918497692254,36.30564447,469,40,11455519.0,36.30564447
2020-03-23,3.2834453237163244,-0.15109460962856325,0.04276810590780389,40.16404669,486,47,11455519.0,40.16404669
2020-03-24,3.4292383798754176,-0.14579305615909322,0.03915745704055862,43.84786058,1328,78,11455519.0,43.84786058
2020-03-25,3.5798864901287324,-0.15064811025331482,0.0367976421074534,54.61996091,1195,77,11455519.0,54.61996091
2020-03-26,3.730194288441085,-0.15030779831235241,0.034955860147092954,64.18740172,1199,107,11455519.0,64.18740172
2020-03-27,3.8746461156522045,-0.1444518272111197,0.032523543236375074,73.13505394,1363,102,11455519.0,73.13505394
2020-03-28,4.0100883788288515,-0.13544226317664654,0.031190793981595744,82.84216542,1520,128,11455519.0,82.84216542
2020-03-29,4.142353291788127,-0.12618622745940833,0.030531349805090646,93.16033608,845,141,11455519.0,93.16033608
2020-03-30,4.269117035644802,-0.1102606034034812,0.030531349805090646,98.97412767,685,149,11455519.0,98.97412767
2020-03-31,4.389393971224188,-0.0898601140360551,0.030531349805090646,103.08568298,1739,170,11455519.0,103.08568298
2020-04-01,4.494262657773116,-0.050426631335465544,0.030531349805090646,114.88785449,1683,208,11455519.0,114.88785449
2020-04-02,4.589419638175129,-0.008311293843282996,0.030531349805090646,125.89564908,1517,233,11455519.0,125.89564908
2020-04-03,4.6755405663609855,0.03955173264897116,0.030531349805090646,134.46793637,1479,219,11455519.0,134.46793637
2020-04-04,4.750966229132481,0.0922576797975978,0.030531349805090646,141.15466964,1694,236,11455519.0,141.15466964
2020-04-05,4.818589446637683,0.11511992695780915,0.030531349805090646,150.16342778,923,271,11455519.0,150.16342778
2020-04-06,4.881350877913813,0.12328194995030728,0.031190793981595744,154.126583,667,247,11455519.0,154.126583
2020-04-07,4.939802432185229,0.1392517114517018,0.031465918013350636,155.70660744,1937,257,11455519.0,155.70660744
2020-04-08,4.987675896710448,0.14833055821246965,0.03319207292623538,161.02282227,1515,277,11455519.0,161.02282227
2020-04-09,5.025028188423822,0.15270324024858972,0.03561959997334618,163.81623565,1599,322,11455519.0,163.81623565
2020-04-10,5.056036855274003,0.15359528909145403,0.037214836269183205,167.30800237,2240,272,11455519.0,167.30800237
2020-04-11,5.086517146879003,0.14846986642433624,0.04239023276040654,174.9637009,2336,302,11455519.0,174.9637009
2020-04-12,5.113888486329805,0.15205486960572445,0.050863588459757136,182.08690501,1032,284,11455519.0,182.08690501
2020-04-13,5.138830766270443,0.15692453231183645,0.0641138625228449,183.71930595,524,265,11455519.0,183.71930595
2020-04-14,5.161234266958672,0.1599571168173779,0.08227691923452152,182.31386985,538,277,11455519.0,182.31386985
2020-04-15,5.170458599057121,0.175066519318257,0.11010011801874442,171.82984027,1561,261,11455519.0,171.82984027
2020-04-16,5.176357923142468,0.17575926664437613,0.14184823433463722,170.76485142,1633,280,11455519.0,170.76485142
2020-04-17,5.180102034792974,0.16994826432959087,0.1415553798856224,171.77746377,1675,246,11455519.0,171.77746377
2020-04-18,5.178899278185005,0.1617110308297507,0.10660268560063946,173.48842946,1395,205,11455519.0,173.48842946
2020-04-19,5.169874411647645,0.16048176261387237,0.06881858844622046,170.87833384,722,208,11455519.0,170.87833384
2020-04-20,5.158115631013897,0.16020261352757625,0.053306453369865725,169.12372106,444,190,11455519.0,169.12372106
2020-04-21,5.145803851038684,0.16053236318141728,0.038845292265996534,167.17706112,1278,206,11455519.0,167.17706112
2020-04-22,5.136933134380241,0.15934867094127636,0.02741416868589086,161.42437545,1270,203,11455519.0,161.42437545
2020-04-23,5.127051884637681,0.15726106250429606,0.023333157189641796,159.28566833,778,181,11455519.0,159.28566833
2020-04-24,5.10979613788846,0.15720279194310427,0.015567279564640435,152.11881714,976,156,11455519.0,152.11881714
2020-04-25,5.0804484052181555,0.16320132073826565,0.011974804643281933,141.08483431,811,155,11455519.0,141.08483431
2020-04-26,5.039199864092914,0.17076286953321773,0.011974804643281933,127.77247369,388,142,11455519.0,127.77247369
2020-04-27,4.993040307386786,0.16967989642415837,0.01118069787956677,122.15072927,205,154,11455519.0,122.15072927
2020-04-28,4.945257467067016,0.16035565138392638,0.008663449809067414,119.36604531,755,135,11455519.0,119.36604531
2020-04-29,4.904677481641367,0.1405928189011192,0.008663449809067414,121.26032876,569,110,11455519.0,121.26032876
2020-04-30,4.855496400813711,0.13982003512159125,0.008663449809067414,112.60074729,522,107,11455519.0,112.60074729
2020-05-01,4.800101752200653,0.13616794409173405,0.008663449809067414,102.90236523,586,87,11455519.0,102.90236523
2020-05-02,4.741683854592911,0.09148954172370427,0.008663449809067414,93.39603033,237,93,11455519.0,93.39603033
2020-05-03,4.681138840767594,0.060545013825317184,0.008663449809067414,83.28736568,286,75,11455519.0,83.28736568
2020-05-04,4.620369742119524,0.060769098648069786,0.008663449809067414,79.48133996,140,94,11455519.0,79.48133996
2020-05-05,4.558078115165211,0.06229162695431345,0.008663449809067414,76.82759725,670,95,11455519.0,76.82759725
2020-05-06,4.483465445782707,0.07461266938250422,0.008663449809067414,71.52011183,547,81,11455519.0,71.52011183
2020-05-07,4.4063400810094695,0.07712536477323706,0.008663449809067414,65.20874349,552,76,11455519.0,65.20874349
2020-05-08,4.337641582264318,0.06869849874515133,0.010605014999911067,63.23589529,442,71,11455519.0,63.23589529
2020-05-09,4.271888254836117,0.06575332742820095,0.01275041824940426,58.57438672,483,74,11455519.0,58.57438672
2020-05-10,4.21527949034218,0.05660876449393726,0.01329190480393394,55.71113801,240,71,11455519.0,55.71113801
2020-05-11,4.161979556847816,0.05329993349436357,0.015085025316049272,54.41918433,118,72,11455519.0,54.41918433
2020-05-12,4.111498279956484,0.05048127689133253,0.016857235116115143,53.65972506,476,65,11455519.0,53.65972506
2020-05-13,4.064595765885552,0.04690251407093182,0.021457761509292572,51.22421778,395,45,11455519.0,51.22421778
2020-05-14,4.0264840367029215,0.038111729182630505,0.03270826741438215,49.70529925,321,56,11455519.0,49.70529925
2020-05-15,3.987662782684253,0.03882125401866876,0.035267078482134284,47.95068648,305,43,11455519.0,47.95068648
2020-05-16,3.952259576712047,0.03540320597220559,0.04797885170077487,45.49772036,347,45,11455519.0,45.49772036
2020-05-17,3.92681294206052,0.02544663465152741,0.05038236905976423,46.4579562,147,30,11455519.0,46.4579562
2020-05-18,3.9009583950993547,0.02585454696116507,0.04524014061118531,45.24456727,81,31,11455519.0,45.24456727
2020-05-19,3.8754751302642476,0.0254832648351071,0.04102670759714244,44.72953168,317,37,11455519.0,44.72953168
2020-05-20,3.8465372966948825,0.02893783356936508,0.035055393315890804,41.64804755,292,33,11455519.0,41.64804755
2020-05-21,3.8141579979521465,0.03237929874273604,0.030131224833786385,39.42204626,385,30,11455519.0,39.42204626
2020-05-22,3.7815623903412736,0.03259560761087288,0.02904290962438716,37.96423366,70,34,11455519.0,37.96423366
2020-05-23,3.743879592677233,0.03768279766404081,0.026657649445154252,34.71689061,248,41,11455519.0,34.71689061
2020-05-24,3.694826553258942,0.049053039418290645,0.02203388734150402,32.66547766,123,25,11455519.0,32.66547766
2020-05-25,3.6450724449824525,0.04975410827648963,0.019604731705149314,31.6441359,75,33,11455519.0,31.6441359
2020-05-26,3.595266105391379,0.04980633959107372,0.01664764638647287,31.26877097,314,26,11455519.0,31.26877097
2020-05-27,3.5490238953913686,0.046242210000010164,0.01517506072799768,29.85460545,202,24,11455519.0,29.85460545
2020-05-28,3.502418117120492,0.04660577827087664,0.013444210491053932,28.16982801,182,24,11455519.0,28.16982801
2020-05-29,3.454990033105184,0.04742808401530807,0.012304414645136319,26.95643908,171,26,11455519.0,26.95643908
2020-05-30,3.4138874172006184,0.006188921722122043,0.0126829463379321,25.78669722,165,16,11455519.0,25.78669722
2020-05-31,3.3725001983956955,-0.019269837431770576,0.01349175719357354,24.19794337,61,23,11455519.0,24.19794337
2020-06-01,3.331193199577546,-0.020223363983042475,0.013902910065789253,23.44721352,49,22,11455519.0,23.44721352
2020-06-02,3.2898966618287444,-0.027155610419606457,0.013936540958638943,23.16787218,59,21,11455519.0,23.16787218
2020-06-03,3.241027584517641,-0.026999939766767067,0.012181049962499246,20.91568265,183,23,11455519.0,20.91568265
2020-06-04,3.1938390415186526,-0.02572338876020641,0.012313364965083728,19.96417622,159,20,11455519.0,19.96417622
2020-06-05,3.138601170572078,-0.01198804214010174,0.012228357525199574,17.99132802,172,14,11455519.0,17.99132802
2020-06-06,3.096014849750017,-0.01859472513900773,0.012860572029266937,18.88172854,154,12,11455519.0,18.88172854
2020-06-07,3.0561420717791874,-0.015081571023320972,0.015404167055850904,18.06116336,69,11,11455519.0,18.06116336
2020-06-08,3.0170128499714415,-0.012761383385102132,0.016916120670585677,17.58977485,53,12,11455519.0,17.58977485
2020-06-09,2.978041850839701,-0.009720896349392216,0.018745007691339577,17.39772768,153,9,11455519.0,17.39772768
2020-06-10,2.9416928967638825,-0.006158167550961657,0.0214320588480843,15.99229158,145,12,11455519.0,15.99229158
2020-06-11,2.9074393151799542,-0.004212910016721416,0.022571655818663272,15.49471482,119,12,11455519.0,15.49471482
2020-06-12,2.8824604425329596,-0.012133357348442786,0.02393862410407288,14.94476156,95,7,11455519.0,14.94476156
2020-06-13,2.8448647862593064,0.007170735961786523,0.02836938505092923,14.28132588,89,10,11455519.0,14.28132588
2020-06-14,2.8069495294503217,0.012264666002638425,0.023838589317096925,13.61789021,49,5,11455519.0,13.61789021
2020-06-15,2.771584181268472,0.00969644228371358,0.023730434883028506,13.5131372,22,3,11455519.0,13.5131372
2020-06-16,2.735363283327724,0.009010348738512253,0.023730434883028506,13.27744295,147,8,11455519.0,13.27744295
2020-06-17,2.7179815529230162,-0.013276835751343086,0.023766279354186404,14.04563163,99,7,11455519.0,14.04563163
2020-06-18,2.6977077711045525,-0.012213671358340505,0.019920287138089465,13.31236062,123,7,11455519.0,13.31236062
2020-06-19,2.6791065389172615,-0.01653797045016603,0.014538934294954453,12.99810161,108,5,11455519.0,12.99810161
2020-06-20,2.660758045817871,-0.025019425441775045,0.016030074300326325,12.43941894,121,4,11455519.0,12.43941894
2020-06-21,2.6456549231230015,-0.03430045115252067,0.015507195018739761,12.15134818,50,3,11455519.0,12.15134818
2020-06-22,2.6297661046941907,-0.03389140550497105,0.014300964519214476,11.98548927,20,9,11455519.0,11.98548927
2020-06-23,2.613011508997416,-0.03126967909876699,0.014188149910095094,11.69741851,143,12,11455519.0,11.69741851
2020-06-24,2.5877846973455836,-0.021197182483611243,0.01288387972926941,11.61012434,110,4,11455519.0,11.61012434
2020-06-25,2.5661917268609407,-0.025423960658449207,0.012202583481889517,11.30459475,100,3,11455519.0,11.30459475
2020-06-26,2.545831716472143,-0.023905339571139272,0.010403257712526814,11.13873584,76,5,11455519.0,11.13873584
2020-06-27,2.5293248213801727,-0.024738022262773995,0.009411922313368626,10.97287692,113,2,11455519.0,10.97287692
2020-06-28,2.5183914797544475,-0.030413767185811125,0.007851532154528496,11.18238292,41,8,11455519.0,11.18238292
2020-06-29,2.5084499629220103,-0.03136025145103849,0.006871581541116889,11.11254759,24,5,11455519.0,11.11254759
2020-06-30,2.5019190409717544,-0.03855188557969624,0.0075059488133326635,11.13000642,127,3,11455519.0,11.13000642
2020-07-01,2.4943025496980615,-0.040412318881353215,0.007835254067037223,10.95541808,100,8,11455519.0,10.95541808
2020-07-02,2.4902942239566896,-0.047204881231409423,0.009041484566562508,10.9641475,135,2,11455519.0,10.9641475
2020-07-03,2.489469979517558,-0.048087851445186125,0.010346435418209454,11.0689005,93,5,11455519.0,11.0689005
2020-07-04,2.4890527425726114,-0.040812312451498745,0.010945769330979571,10.93795925,94,2,11455519.0,10.93795925
2020-07-05,2.4833086750910054,-0.03375693240768207,0.010811787529619643,10.702265,64,3,11455519.0,10.702265
2020-07-06,2.4798700728745757,-0.035611508253313495,0.011425062434105682,10.82447683,24,2,11455519.0,10.82447683
2020-07-07,2.476646942314759,-0.034436846043962355,0.011859614284051911,10.8593945,112,1,11455519.0,10.8593945
2020-07-08,2.472197376577862,-0.03085170209297683,0.011167336250985205,10.58878258,99,3,11455519.0,10.58878258
2020-07-09,2.466454907244529,-0.02387375778212819,0.009802484098525799,10.49275899,137,1,11455519.0,10.49275899
2020-07-10,2.4634265116323086,-0.028258868848103802,0.00818276239536142,10.81574741,124,2,11455519.0,10.81574741
2020-07-11,2.466934776942185,-0.04126372185119509,0.007207162884851126,11.23475942,127,0,11455519.0,11.23475942
2020-07-12,2.474711629156598,-0.04441715470982999,0.007339063898784026,11.35697126,62,2,11455519.0,11.35697126
2020-07-13,2.483108042198814,-0.044189536103514726,0.007339063898784026,11.54028901,43,4,11455519.0,11.54028901
2020-07-14,2.4929602746279955,-0.03665354660190978,0.0073232730042784855,11.70614793,224,0,11455519.0,11.70614793
2020-07-15,2.5153264225753764,-0.04119390405896661,0.00783714830928961,12.55290136,207,3,11455519.0,12.55290136
2020-07-16,2.548402277960139,-0.05251336238764015,0.00740464399875429,13.48694895,260,5,11455519.0,13.48694895
2020-07-17,2.587892933095896,-0.057965517779098086,0.00713288462633499,14.57812605,226,5,11455519.0,14.57812605
2020-07-18,2.6326741568300562,-0.06150703163128979,0.006860164356839338,15.73913849,274,2,11455519.0,15.73913849
2020-07-19,2.6888528220053836,-0.056178665175327325,0.006502426501545644,17.31043351,130,3,11455519.0,17.31043351
2020-07-20,2.7473535036169006,-0.058500681611517,0.006796209410654175,17.88657502,64,1,11455519.0,17.88657502
2020-07-21,2.8065941678191275,-0.059240664202226956,0.007001693762009431,18.23575169,443,2,11455519.0,18.23575169
2020-07-22,2.8766107493187465,-0.07001658149961898,0.008618074676104648,21.12518865,145,1,11455519.0,21.12518865
2020-07-23,2.939675743253916,-0.06306499393516951,0.009979581027032003,21.52674183,553,2,11455519.0,21.52674183
2020-07-24,3.0137177672679263,-0.07404202401401028,0.010370373615838702,25.15817921,439,2,11455519.0,25.15817921
2020-07-25,3.091770179967114,-0.07805241269918772,0.010596078315686874,27.90794551,496,5,11455519.0,27.90794551
2020-07-26,3.172097485201419,-0.08032730523430498,0.011620652205347248,31.12910031,229,1,11455519.0,31.12910031
2020-07-27,3.2543382196442985,-0.08224073444287949,0.012409206862144417,32.58691291,184,2,11455519.0,32.58691291
2020-07-28,3.339103506249071,-0.08476528660477234,0.012104292685708007,33.81776068,595,4,11455519.0,33.81776068
2020-07-29,3.4165823458831617,-0.07747883963409086,0.01181457797445673,37.05637431,685,1,11455519.0,37.05637431
2020-07-30,3.5063544746214323,-0.08977212873827067,0.013205723666629865,41.22903554,703,3,11455519.0,41.22903554
2020-07-31,3.5872927436231534,-0.08093826900172107,0.0166815174488546,45.09616718,635,2,11455519.0,45.09616718
2020-08-01,3.6646090501820265,-0.07731630655887312,0.01860707380922899,48.66649865,684,3,11455519.0,48.66649865
2020-08-02,3.7367736560409917,-0.07216460585896511,0.018251997053687186,52.24555954,309,2,11455519.0,52.24555954
2020-08-03,3.8067310785773283,-0.06995742253633663,0.01806120124995325,53.80812515,148,5,11455519.0,53.80812515
2020-08-04,3.8734455069379954,-0.0667144283606671,0.017023725179723614,54.54139616,794,3,11455519.0,54.54139616
2020-08-05,3.935125308914551,-0.06167980197655565,0.016172209362716572,57.60542146,814,5,11455519.0,57.60542146
2020-08-06,3.9955125008337253,-0.0603871919191743,0.015804156292559268,63.4454013,776,5,11455519.0,63.4454013
2020-08-07,4.047633598631085,-0.05212109779736007,0.014085748482518978,65.39206124,769,4,11455519.0,65.39206124
2020-08-08,4.095165205464383,-0.0475316068332976,0.013255208590356338,68.27276879,771,6,11455519.0,68.27276879
2020-08-09,4.1376230191688865,-0.04245781370450352,0.013255208590356338,70.6733584,304,2,11455519.0,70.6733584
2020-08-10,4.177247843639438,-0.03962482447055127,0.013255208590356338,71.32806466,122,5,11455519.0,71.32806466
2020-08-11,4.213901067109208,-0.03665322346977007,0.013255208590356338,70.78684082,873,11,11455519.0,70.78684082
2020-08-12,4.247632562100998,-0.03373149499179018,0.013255208590356338,73.21361869,718,13,11455519.0,73.21361869
2020-08-13,4.268347337594848,-0.020714775493850368,0.013255208590356338,73.50168945,609,11,11455519.0,73.50168945
2020-08-14,4.283228646302929,-0.014881308708080354,0.013255208590356338,72.68112427,669,12,11455519.0,72.68112427
2020-08-15,4.2926164817459584,0.004659552650726706,0.014892349862787757,72.97792444,587,12,11455519.0,72.97792444
2020-08-16,4.295492993709947,0.047972778282961315,0.015804156292559268,72.13117101,163,9,11455519.0,72.13117101
2020-08-17,4.2945588941120105,0.05980477250480787,0.016732129218774316,70.85667616,132,7,11455519.0,70.85667616
2020-08-18,4.294419852870144,0.06476766409278989,0.0177972994973421,70.71700549,707,7,11455519.0,70.71700549
2020-08-19,4.288010436320535,0.07295020426700294,0.01893474576490073,69.95754623,725,11,11455519.0,69.95754623
2020-08-20,4.2794747960457,0.07708914924942478,0.019599290170148054,69.18062813,612,9,11455519.0,69.18062813
2020-08-21,4.269577023948043,0.08594499045425685,0.022160458853698772,67.74900378,581,4,11455519.0,67.74900378
2020-08-22,4.255653401858484,0.09311348105630479,0.028668818602668678,66.10787342,510,3,11455519.0,66.10787342
2020-08-23,4.23843997148692,0.09849745021015632,0.03277091589773873,63.82949563,203,5,11455519.0,63.82949563
2020-08-24,4.221781969069058,0.10016101294168767,0.037861753346670524,62.94782454,115,3,11455519.0,62.94782454
2020-08-25,4.205265340266406,0.09763869192208396,0.04106919614240878,62.88671862,607,5,11455519.0,62.88671862
2020-08-26,4.184980596699844,0.10391022775274283,0.04220521386570186,60.56469375,527,5,11455519.0,60.56469375
2020-08-27,4.162346362853319,0.10798943271652028,0.05017443785366171,58.89737514,526,4,11455519.0,58.89737514
2020-08-28,4.140917833976322,0.10055581665729463,0.061329245679331734,58.17283355,535,3,11455519.0,58.17283355
2020-08-29,4.120088539491329,0.09556975069391171,0.06598468918188649,57.0030917,614,4,11455519.0,57.0030917
2020-08-30,4.104772950742992,0.08637660294598781,0.06901378219920762,57.23878595,195,6,11455519.0,57.23878595
2020-08-31,4.09209710290537,0.08101177328612374,0.049625337551008064,57.51812729,117,1,11455519.0,57.51812729
2020-09-01,4.079237810787851,0.07705640728613039,0.03994680390621985,57.38718604,634,3,11455519.0,57.38718604
2020-09-02,4.070099772724403,0.07017153501131368,0.03288881524743936,56.74993861,565,3,11455519.0,56.74993861
2020-09-03,4.061386474120573,0.0649674434620966,0.031759742339216857,55.35323192,574,2,11455519.0,55.35323192
2020-09-04,4.05356836742442,0.03684603999150049,0.030825705109327917,55.02151408,677,4,11455519.0,55.02151408
2020-09-05,4.050723748628786,0.00438969379448384,0.030825705109327917,55.8595381,728,2,11455519.0,55.8595381
2020-09-06,4.052002777991242,-0.0006395146812270269,0.030825705109327917,57.76255096,322,1,11455519.0,57.76255096
2020-09-07,4.055101590504853,-0.0015494062568057743,0.030825705109327917,58.80135156,155,2,11455519.0,58.80135156
2020-09-08,4.059352129879899,-0.001358658147307068,0.030825705109327917,59.15052823,918,4,11455519.0,59.15052823
2020-09-09,4.071476883915289,-0.008982312227529654,0.030825705109327917,61.86537685,871,3,11455519.0,61.86537685
2020-09-10,4.093765118692482,-0.01691441335494126,0.030825705109327917,64.86829623,1024,2,11455519.0,64.86829623
2020-09-11,4.126027110078317,-0.027216786488476252,0.030825705109327917,69.2155458,1143,3,11455519.0,69.2155458
2020-09-12,4.166577635242216,-0.03598150613217577,0.030825705109327917,74.52303121,1284,5,11455519.0,74.52303121
2020-09-13,4.213080961026312,-0.03619321628905414,0.030825705109327917,80.37174047,617,1,11455519.0,80.37174047
2020-09-14,4.26340615555008,-0.04306154057145406,0.030825705109327917,84.05555436,301,1,11455519.0,84.05555436
2020-09-15,4.315572238757234,-0.050632031927647425,0.031759742339216857,85.66176705,1727,4,11455519.0,85.66176705
2020-09-16,4.376352978962608,-0.055276824180118034,0.03278892556278601,95.20301961,1628,3,11455519.0,95.20301961
2020-09-17,4.4436225189269125,-0.05480787295083189,0.03466353296831359,104.48238967,1942,2,11455519.0,104.48238967
2020-09-18,4.517083026585712,-0.06283342799113711,0.05059766566926083,116.42423185,1752,1,11455519.0,116.42423185
2020-09-19,4.59111720821626,-0.06526694179176928,0.06450326551285546,125.80835491,1709,6,11455519.0,125.80835491
2020-09-20,4.663831187663044,-0.06526861749778146,0.06390043572661686,134.37191279,894,8,11455519.0,134.37191279
2020-09-21,4.735394407771536,-0.05920154826627577,0.060018401714439396,139.3651392,461,3,11455519.0,139.3651392
2020-09-22,4.806978110958991,-0.05875380255450757,0.05752364320833525,142.03634074,2204,3,11455519.0,142.03634074
2020-09-23,4.874434412787592,-0.06000556143554103,0.05371181616822396,153.26237074,2074,1,11455519.0,153.26237074
2020-09-24,4.938144309320061,-0.05450841580365662,0.046029312619156215,163.76385915,2097,8,11455519.0,163.76385915
2020-09-25,4.994431718183691,-0.04227866055014573,0.03494971344560405,173.13052337,1796,4,11455519.0,173.13052337
2020-09-26,5.044337383822428,-0.03585548347550205,0.02922807758936763,178.83083254,1623,5,11455519.0,178.83083254
2020-09-27,5.08723918757913,-0.0385839403353021,0.025500999909500166,181.79010484,944,6,11455519.0,181.79010484
2020-09-28,5.127180195968152,-0.03559050436764899,0.023685060047069495,184.64462413,540,12,11455519.0,184.64462413
2020-09-29,5.16602464126269,-0.026574993105681344,0.023059180606552765,186.73095475,2782,13,11455519.0,186.73095475
2020-09-30,5.200917032739298,-0.021967094960637645,0.021096818563473896,195.94048947,2984,10,11455519.0,195.94048947
2020-10-01,5.234739343617458,-0.02521559569237919,0.019181205412588387,207.77757865,3243,6,11455519.0,207.77757865
2020-10-02,5.268229886130652,-0.025603745788652432,0.018946729797945316,219.13454991,3410,15,11455519.0,219.13454991
2020-10-03,5.306215474430098,-0.031638620431262865,0.018739649573405348,233.60792296,3721,11,11455519.0,233.60792296
2020-10-04,5.352182749147536,-0.042881840518457004,0.016482862655037067,251.17150956,1709,15,11455519.0,251.17150956
2020-10-05,5.399910951381783,-0.04216447300882198,0.01433246848350489,258.28598425,1035,14,11455519.0,258.28598425
2020-10-06,5.448777004838563,-0.042040242279337114,0.014346053069924647,263.29666949,5249,14,11455519.0,263.29666949
2020-10-07,5.504491498374707,-0.05144667339872555,0.012939990921395417,289.87774364,5687,18,11455519.0,289.87774364
2020-10-08,5.566573878795521,-0.05738846269929976,0.012820781785991109,321.41712654,6803,20,11455519.0,321.41712654
2020-10-09,5.638221620258193,-0.06844303318786782,0.012462098031173596,362.497762,6588,20,11455519.0,362.497762
2020-10-10,5.71633357586106,-0.07714074941984084,0.012070658020519431,404.3291273,7789,19,11455519.0,404.3291273
2020-10-11,5.801944685200413,-0.08561110933935279,0.011123792327975224,458.15471128,4310,22,11455519.0,458.15471128
2020-10-12,5.892442609750701,-0.07999125222767667,0.012124743827917506,487.53792822,2403,26,11455519.0,487.53792822
2020-10-13,5.984884286688731,-0.051475113891797264,0.0103965928559,503.80083172,9735,36,11455519.0,503.80083172
2020-10-14,6.079855857192611,-0.03094643041904188,0.012124743827917506,564.49646672,12577,34,11455519.0,564.49646672
2020-10-15,6.179849124307308,-0.029628243303144508,0.01334150072823359,648.23776208,12293,41,11455519.0,648.23776208
2020-10-16,6.279114285601141,-0.025517816649158753,0.014183470502139084,727.23898411,11818,35,11455519.0,727.23898411
2020-10-17,6.376536448931826,-0.024048082792019088,0.016089404724413114,800.63592055,13477,36,11455519.0,800.63592055
2020-10-18,6.470569647197814,-0.02189459848835007,0.016089404724413114,885.80011085,7995,23,11455519.0,885.80011085
2020-10-19,6.564318391289292,-0.022175282443503974,0.01601298819691266,940.67322484,4289,31,11455519.0,940.67322484
2020-10-20,6.6576345758523585,-0.02379618205503853,0.014751310088414016,969.07874711,15560,52,11455519.0,969.07874711
2020-10-21,6.747406423304928,-0.0241887482720351,0.013101296373374982,1059.08776372,19265,52,11455519.0,1059.08776372
2020-10-22,6.832591703918212,-0.025186627915233295,0.011035305827941322,1177.61578502,17485,62,11455519.0,1177.61578502
2020-10-23,6.912250145489582,-0.026561904320188567,0.00896568813484544,1270.86341527,17687,55,11455519.0,1270.86341527
2020-10-24,6.988678651044681,-0.03002477085737798,0.007393879140131787,1367.75121232,18876,94,11455519.0,1367.75121232
2020-10-25,7.060443727094027,-0.0303436699764843,0.006722917774234283,1464.53425637,11557,93,11455519.0,1464.53425637
2020-10-26,7.129669109881135,-0.029832655945328135,0.006262087993402332,1527.79633991,4895,94,11455519.0,1527.79633991
2020-10-27,7.19666736201451,-0.030129833747801094,0.005958886770562444,1549.55004658,19868,121,11455519.0,1549.55004658
2020-10-28,7.258915617477007,-0.02789090428511365,0.005810297869325964,1638.005227,22210,132,11455519.0,1638.005227
2020-10-29,7.3131701620114296,-0.020598117838745544,0.00600658097782425,1722.09569903,17998,142,11455519.0,1722.09569903
2020-10-30,7.36061757099542,-0.01170934357767095,0.00600658097782425,1771.89702186,15090,139,11455519.0,1771.89702186
2020-10-31,7.399860208963295,0.002733793540567575,0.006942981152081806,1800.45967363,15401,185,11455519.0,1800.45967363
2020-11-01,7.430668413704879,0.016039533734257816,0.007893772935426036,1817.25507155,6308,177,11455519.0,1817.25507155
2020-11-02,7.454277603586794,0.024687937963598472,0.008484091460688514,1802.52854541,2666,164,11455519.0,1802.52854541
2020-11-03,7.474741699239577,0.03182617784367903,0.007513215630581271,1788.36070195,13858,208,11455519.0,1788.36070195
2020-11-04,7.486088988811232,0.04755114740682487,0.005980046139103301,1773.50323455,12102,172,11455519.0,1773.50323455
2020-11-05,7.485163965825587,0.06779008392738728,0.005174156290148169,1710.97442202,9230,198,11455519.0,1710.97442202
2020-11-06,7.474025151567825,0.08601866279053194,0.0052928279155670666,1638.91308635,7659,206,11455519.0,1638.91308635
2020-11-07,7.452766355097492,0.10312032894144174,0.005957362104128894,1551.37449469,6648,214,11455519.0,1551.37449469
2020-11-08,7.420004747078111,0.12081612496420213,0.0065266346657359975,1444.63118607,3046,208,11455519.0,1444.63118607
2020-11-09,7.38086756938996,0.13060697843230962,0.006722917774234283,1370.33511969,1448,210,11455519.0,1370.33511969
2020-11-10,7.339687533185388,0.1348866599255274,0.0076593179484918394,1340.24481999,8636,194,11455519.0,1340.24481999
2020-11-11,7.288853958281234,0.1483159937134424,0.008610109731836069,1242.1960105,7701,218,11455519.0,1242.1960105
2020-11-12,7.227795113809205,0.16068805867629443,0.009317163199406675,1115.54090216,2004,196,11455519.0,1115.54090216
2020-11-13,7.153796387184003,0.17234238893746046,0.01408302115393445,975.92260988,6482,173,11455519.0,975.92260988
2020-11-14,7.076200585086709,0.17332348289563093,0.02558952728403785,900.77979007,5709,183,11455519.0,900.77979007
2020-11-15,6.994707882228424,0.17538367403701827,0.0386919016760765,816.17428246,2371,175,11455519.0,816.17428246
2020-11-16,6.914614388279611,0.17362595827608462,0.049225515964149036,781.80656852,1057,192,11455519.0,781.80656852
2020-11-17,6.835103904566366,0.17105449972106346,0.05792565936793004,767.76093689,5821,195,11455519.0,767.76093689
2020-11-18,6.75276694795187,0.12990314266425163,0.06855044274047284,697.60261408,4828,153,11455519.0,697.60261408
2020-11-19,6.672166858936543,0.08060008901532711,0.0800640487224964,634.10483628,3700,158,11455519.0,634.10483628
2020-11-20,6.599356817774969,0.07281004116157419,0.08001266864555667,585.83116138,3019,172,11455519.0,585.83116138
2020-11-21,6.527763494025905,0.07159332374906402,0.07279110008643741,545.32666743,3081,165,11455519.0,545.32666743
2020-11-22,6.461860796380887,0.06590269764501766,0.06607643319247991,514.18883771,1263,138,11455519.0,514.18883771
2020-11-23,6.397713762743251,0.06414703363763596,0.0605451367235994,498.62428756,589,135,11455519.0,498.62428756
2020-11-24,6.333992928950452,0.06372083379279925,0.058053378092961516,491.12571853,3953,139,11455519.0,491.12571853
2020-11-25,6.271554394677138,0.062438534273313806,0.056931804464996905,450.24585966,2867,120,11455519.0,450.24585966
2020-11-26,6.2087032634958,0.062851131181338,0.05238829561497216,408.04785885,2673,138,11455519.0,408.04785885
2020-11-27,6.159170558739568,0.04953270475623217,0.04806409350030183,413.88783869,2413,118,11455519.0,413.88783869
2020-11-28,6.107069016488093,0.05210154225147523,0.043944624551680356,378.36784174,2700,124,11455519.0,378.36784174
2020-11-29,6.053100545298606,0.05396847118948678,0.03564707554888136,352.10102659,1004,114,11455519.0,352.10102659
2020-11-30,5.998603171141466,0.0544973741571404,0.027784590767308437,340.16791382,560,119,11455519.0,340.16791382
2020-12-01,5.944437791514085,0.05416537962738044,0.023659756373790586,335.82939367,3293,99,11455519.0,335.82939367
2020-12-02,5.892981026677213,0.051456764836872004,0.021706947658767017,313.76142801,2674,110,11455519.0,313.76142801
2020-12-03,5.846750495480876,0.04623053119633713,0.021706947658767017,294.95826422,2611,117,11455519.0,294.95826422
2020-12-04,5.793830855574973,0.05291963990590265,0.020422528911145488,285.45192933,2364,93,11455519.0,285.45192933
2020-12-05,5.750816838910751,0.04301401666422233,0.021706947658767017,279.73416132,2549,106,11455519.0,279.73416132
2020-12-06,5.715670137968625,0.0351467009421258,0.02086639272075619,275.09011159,1098,85,11455519.0,275.09011159
2020-12-07,5.684687553115828,0.030982584852797146,0.01718477890949499,273.64975782,592,83,11455519.0,273.64975782
2020-12-08,5.655546906398551,0.029140646717277008,0.01718477890949499,273.67594607,3353,96,11455519.0,273.67594607
2020-12-09,5.633336110154355,0.022210796244196196,0.01718477890949499,268.43829599,2715,91,11455519.0,268.43829599
2020-12-10,5.619219569086347,0.014116541068007749,0.01718477890949499,267.11142463,2708,83,11455519.0,267.11142463
2020-12-11,5.6099296883283145,0.00928988075803261,0.01489801224867593,267.41695422,2604,87,11455519.0,267.41695422
2020-12-12,5.6044048105376145,0.005524877790699989,0.017870305563058686,269.08427283,2751,92,11455519.0,269.08427283
2020-12-13,5.601498202890661,0.0029066076469534963,0.018134757046885497,269.52947309,856,48,11455519.0,269.52947309
2020-12-14,5.598654957711714,0.0028432451789468516,0.01822331140346911,268.2375194,2,6,11455519.0,268.2375194
