t,date,O,R,I,demand,S
0,1986-01-01,0.017227677292027017,0.7337853717708159,0.5086708759492424,0.09449052572225604,0.0
1,1986-02-01,0.009274409094327404,0.7023748602187222,0.436574118159187,0.03352136368996624,0.0005424709552009493
2,1986-03-01,0.0012601651629372747,0.6713481548871328,0.3250193848539674,0.010325627290668188,0.0015570925565952915
3,1986-04-01,0.0028617944345415078,0.672665415742689,0.3273024898767985,0.012211950796076756,0.002797743722656715
4,1986-05-01,0.004514236817554458,0.6743996512575576,0.4374576917869758,0.03289199881575945,0.004153921110659066
5,1986-06-01,0.0,0.6558348022213382,0.4398043873360492,0.01696233818264297,0.0051685427120534075
6,1986-07-01,0.007290665224929298,0.6763613274956886,0.4195743947617817,0.0019364028905079383,0.006253484622455284
7,1986-08-01,0.0052073276571700305,0.6657426887284169,0.4674231887982211,0.030599122559711943,0.007253037586205169
8,1986-09-01,0.00806912209171154,0.6711870510414893,0.5686018699717329,0.02872207301450695,0.008322910858962588
9,1986-10-01,0.012859782235329745,0.6825543488561626,0.5756009304729904,0.02896814209190868,0.009307395185067993
10,1986-11-01,0.017382149150709587,0.6925238338924588,0.49818596057934383,0.03161854229745866,0.010005575395928466
11,1986-12-01,0.02813013847589122,0.7224322890013456,0.25829240975273543,0.0388495908505405,0.011346684146286338
12,1987-01-01,0.02414029296807513,0.703431511912208,0.44803136038597396,0.05960983654512657,0.012145321941443282
13,1987-02-01,0.039166746273874536,0.7461619377949621,0.49363587308928825,0.05224461075529476,0.012326145593176924
14,1987-03-01,0.04083951390145094,0.7445982828225398,0.48660291203584044,0.05676511549525068,0.012637564104495973
15,1987-04-01,0.04816269951768192,0.7611398570914123,0.5762737592667807,0.05981969301601906,0.013340767194571267
16,1987-05-01,0.05552247057412712,0.7774776823790304,0.6173860601361248,0.06602503227338152,0.013601956913742103
17,1987-06-01,0.06158955607633351,0.7894277970470611,0.5967950374773844,0.07121288561126529,0.013687345860394095
18,1987-07-01,0.06962006020337441,0.8078268038892362,0.6322047040578961,0.08156923793530357,0.013908352545846334
19,1987-08-01,0.0785184522732769,0.8292915221470405,0.6611158291178968,0.07315335137957668,0.014370457433610088
20,1987-09-01,0.08322374638972845,0.8376120619396905,0.6835899518763308,0.06677993263395307,0.014938042784885155
21,1987-10-01,0.09919735609218715,0.8828680275203278,0.7057030445502919,0.06946567150891043,0.015706543304753164
22,1987-11-01,0.10512419740690532,0.8963438903735712,0.6933520153446423,0.061263039188046244,0.015912481352560924
23,1987-12-01,0.11197177230035023,0.9135156649798148,0.6988886017058671,0.04837297642188361,0.01628919729367269
24,1988-01-01,0.11172990189004443,0.908649381171699,0.6228228881845348,0.047189248141498386,0.017344001928785626
25,1988-02-01,0.11788235341941748,0.9251388336081577,0.5890497113810631,0.04446519456238568,0.018499264148195037
26,1988-03-01,0.12092707505503054,0.9323221697845002,0.6174272646566352,0.039582229866474326,0.019518908628804198
27,1988-04-01,0.1281018863859479,0.9533462216409848,0.6234513655552684,0.05317132343121691,0.0205234844717689
28,1988-05-01,0.12559375120681146,0.9436847292507728,0.6650871600470979,0.049589720000593536,0.021291984991636908
29,1988-06-01,0.12919538454346455,0.9538058414359095,0.5423451365555267,0.04227812977608952,0.02191482201427503
30,1988-07-01,0.1293783117445361,0.9530050605560927,0.5274489532178858,0.03387035745552209,0.022356835385179488
31,1988-08-01,0.1356222268744448,0.9714182824434715,0.5177947340622788,0.034082368250089215,0.022597933587491025
32,1988-09-01,0.1317116498204264,0.9569426280775575,0.4268073042950272,0.026019022747169582,0.022844054669017382
33,1988-10-01,0.13708970953192992,0.9716788916055418,0.3745843025760317,0.019775969384979244,0.023265976523062563
34,1988-11-01,0.14012020349634863,0.9782509808381189,0.3930645300249849,0.022802813348567378,0.02401438552607125
35,1988-12-01,0.1458092394496737,0.9926413449328104,0.34232626452838394,0.04109194610433613,0.02441621586325713
36,1989-01-01,0.14953079172925143,1.0,0.2677780649607995,0.05449167039391544,0.024592016635775954
37,1989-02-01,0.14393118685200587,0.9768910748469518,0.24064879179079773,0.05377524371967418,0.02461713103185007
38,1989-03-01,0.14708159975934904,0.9808997175944355,0.18307917635909365,0.06640526464172838,0.024993846972961836
39,1989-04-01,0.14689257498490854,0.9735647542692524,0.1532954251744637,0.07933984241686823,0.025310288363495727
40,1989-05-01,0.13971369860507846,0.9433909516498931,0.09425346773498752,0.07162335915418903,0.025591569599525837
41,1989-06-01,0.13961816995563,0.9350798885540459,0.04230205910226591,0.07102740640719364,0.02641029891154208
42,1989-07-01,0.12750635672023725,0.8883692500142154,0.05160678900663396,0.06883186257156851,0.027640904319173844
43,1989-08-01,0.1396893083116023,0.9179791891738218,0.11019961717254582,0.05900916041467347,0.028745937746435017
44,1989-09-01,0.13575434096410763,0.8964860408256097,0.11974670457482557,0.0672812564255296,0.02965507888431807
45,1989-10-01,0.13406734566533673,0.8819108811432689,0.1221881705210731,0.07141320315166265,0.030740020794719946
46,1989-11-01,0.1382909314856331,0.8857442049999054,0.1443915207161524,0.0694397044203404,0.03170441360396608
47,1989-12-01,0.14516899424592325,0.8978412084683767,0.1488412165072801,0.07959283605122196,0.03266880641321218
48,1990-01-01,0.1387909325018953,0.8686908891036943,0.26957870250710775,0.09398231270309974,0.033387078140931954
49,1990-02-01,0.15018526460419634,0.8950029377760093,0.3219518167349104,0.08786001513510307,0.034009915163570055
50,1990-03-01,0.15649218799225198,0.9056594833304903,0.3370379943137762,0.0737799177956168,0.034557408997985824
51,1990-04-01,0.1531588478838371,0.8868008566933911,0.3762901697251659,0.057766014274479555,0.03513504010769053
52,1990-05-01,0.15701861182644677,0.8905773203692124,0.3941586973378134,0.055921980027599315,0.035084811315542294
53,1990-06-01,0.16133569377173532,0.8961685714827241,0.31407566041838464,0.04364519983352802,0.03574280849268417
54,1990-07-01,0.15910398191866246,0.8821430602149319,0.34052111410601976,0.05799934711320167,0.03628527944788512
55,1990-08-01,0.1635572430025264,0.8892079376812418,0.3931922640385674,0.1302518839848546,0.03716428331047923
56,1990-09-01,0.16365480417643127,0.8834461060252837,0.39796765109983545,0.18085149793005212,0.03779716609154699
57,1990-10-01,0.15617917922597402,0.8550633991016096,0.3895924872921513,0.2015158973419379,0.03803324141464371
58,1990-11-01,0.14000434960233657,0.8006908511969069,0.38595675023692605,0.1712603682875076,0.038198996428732875
59,1990-12-01,0.130786851192787,0.7681668277705127,0.4188420780563453,0.1300365023073613,0.03866110131649665
60,1991-01-01,0.126727899853455,0.7518574325733026,0.4655277808547387,0.11333150327185318,0.039459739111653576
61,1991-02-01,0.11754698688411964,0.720347415704782,0.5774328558537724,0.07451256065169974,0.04030358281974394
62,1991-03-01,0.1104494114825437,0.6955042550368646,0.6424054449900921,0.0698117757037081,0.041177563803123235
63,1991-04-01,0.1136851904170537,0.7022943082959004,0.6720082708710261,0.07738934310685086,0.041704966120679705
64,1991-05-01,0.12526041719596986,0.7344392638501923,0.7068148531058844,0.08067232501891891,0.04223739131745099
65,1991-06-01,0.13531734820599237,0.7618174409127958,0.7372706125613853,0.07215808763521435,0.042684427567570286
66,1991-07-01,0.13882142036874057,0.7690860673603608,0.7396398724907383,0.08206599962968675,0.042895388494592866
67,1991-08-01,0.13880719269754607,0.7653285570781453,0.6979408977341259,0.08443755286157316,0.04284013682322981
68,1991-09-01,0.14876046496029457,0.7913231364075739,0.6887481692082364,0.08601152938732512,0.04283511394401499
69,1991-10-01,0.1480694066451354,0.7845615132389454,0.7126733867493753,0.09698304365245003,0.04309630366318581
70,1991-11-01,0.14606940258008655,0.7733268891795076,0.7726598740324577,0.09069968408475376,0.04336753914078628
71,1991-12-01,0.1399332112463644,0.7491423589393685,0.7739377305156576,0.06651955516080872,0.04370407204817945
72,1992-01-01,0.13335596210561398,0.7222711851557021,0.8327856342847297,0.06070363390856618,0.04415613117751357
73,1992-02-01,0.1421750857217189,0.7414662345292926,0.9001509978098515,0.06255657115724185,0.0451004324699004
74,1992-03-01,0.15290071727788068,0.7657976535698716,0.9483070560868442,0.06181650913299602,0.04529632475927852
75,1992-04-01,0.16253081815206938,0.7863526089346299,0.968352431004279,0.07249269211935959,0.04508536383225592
76,1992-05-01,0.16673814377671498,0.7903233448949034,0.9517360213664169,0.07857678097131751,0.045030112160892866
77,1992-06-01,0.16739464917611618,0.7835190765906639,0.934349961230292,0.090076120665351,0.04476892244172205
78,1992-07-01,0.17920971384088175,0.8098974621405962,0.9427931420694409,0.08510334256105816,0.04479403683779617
79,1992-08-01,0.17196782920290488,0.7798658099732759,0.8967782167575394,0.08154372398433356,0.045040157919322525
80,1992-09-01,0.17621580531667755,0.7842345671992569,0.8714158533233229,0.0859696110872049,0.04561778902902723
81,1992-10-01,0.18493940028333386,0.8021597392013043,0.9318883924725226,0.0843744899321888,0.04629587772302841
82,1992-11-01,0.18987233713889656,0.8092577851064235,0.9974153528043422,0.07337816983959759,0.04643149546182863
83,1992-12-01,0.192077626174037,0.8088455487955118,1.0,0.06583398869318773,0.046341083635961795
84,1993-01-01,0.19709999410567922,0.8169718163037096,0.9387574648692031,0.06271571231433533,0.04605980239993169
85,1993-02-01,0.20342317768938561,0.8293862891150658,0.8858855590773262,0.0713184026695816,0.04582874995604981
86,1993-03-01,0.20227073632263473,0.8202460150489946,0.8218840954296696,0.07324493125656839,0.045688109338034744
87,1993-04-01,0.20588659733048248,0.8254108148063909,0.8452411721990424,0.07267631653139052,0.045668017821175466
88,1993-05-01,0.20088455464340388,0.8055381816114175,0.8511846299646764,0.07020350778270742,0.04695387490017028
89,1993-06-01,0.2038540728741318,0.8089355774151366,0.8270009477039717,0.06322244149985905,0.04723013325698557
90,1993-07-01,0.20741302319720156,0.8139203199332843,0.7933430975560725,0.053395753268143595,0.047210041740126274
91,1993-08-01,0.20581749149896658,0.8036001971152938,0.7768587921082105,0.054382502633804716,0.047395888271074736
92,1993-09-01,0.21282970087337585,0.8178436724095454,0.6999265631987265,0.05024790620475634,0.047722375420038265
93,1993-10-01,0.22256955806820738,0.839374727544967,0.7225812009993969,0.05554483897932031,0.047948404984705324
94,1993-11-01,0.22868542415736606,0.8497327571501676,0.7898681829930213,0.042941792032943946,0.04862147079949168
95,1993-12-01,0.2366488549773475,0.8647580599306309,0.8126130783148099,0.025850148348033897,0.04884247748494392
96,1994-01-01,0.24054113931125884,0.8673831049449404,0.778400964934953,0.030027846611171305,0.04886256900180322
97,1994-02-01,0.24133179132477914,0.8604366861886624,0.7916139534672815,0.028023369598747988,0.048902752035521795
98,1994-03-01,0.255177347921439,0.8901603457098993,0.8726480646985889,0.02720576708069928,0.049123758720974034
99,1994-04-01,0.2632850879778212,0.9027074922764924,0.9250905760135671,0.041398958348789934,0.04918403327155193
100,1994-05-01,0.2696306293305476,0.9095070222323312,0.8789974850972525,0.053387980806258686,0.049661206796960164
101,1994-06-01,0.2789843068786724,0.9241959022763024,0.8151115706039459,0.06294422269375158,0.0490936214456851
102,1994-07-01,0.2808400017073205,0.9171499782035977,0.844455931765314,0.06779598771385756,0.049530611937374736
103,1994-08-01,0.2902038418777274,0.9310238623225492,0.8016938803795312,0.057423071290464325,0.04940503995700415
104,1994-09-01,0.29462661509474625,0.9306447944504462,0.7925307798660085,0.04976989979883456,0.049425131473863446
105,1994-10-01,0.30597419913455126,0.9494181308163229,0.8496683036098905,0.0519772789741481,0.049334719647996635
106,1994-11-01,0.3156937310848192,0.9632730615416693,0.7857930559145343,0.05486066802190138,0.0494803831452265
107,1994-12-01,0.33032180959717394,0.9905280415458388,0.7158118869155313,0.04743427500242009,0.049440200111507925
108,1995-01-01,0.3327831967138144,0.9837995868160196,0.6927285258895495,0.054616029784073934,0.049741572864397336
109,1995-02-01,0.33114904705090864,0.9656138056519018,0.574140831530882,0.05894529105396704,0.04961600088402675
110,1995-03-01,0.3335535234827714,0.9584541612175659,0.5102955113293702,0.058693361908958415,0.04967627543460462
111,1995-04-01,0.3310514858770037,0.9377238869619604,0.47358445221350093,0.06976946692105301,0.050083128651005324
112,1995-05-01,0.3381571913764054,0.943068743958606,0.3942448522443353,0.06850859881590078,0.0513388484547112
113,1995-06-01,0.34297630686241243,0.9416851462254318,0.31058843801154473,0.057932574599735887,0.05257949962077262
114,1995-07-01,0.3368767009689045,0.9102225128409241,0.3565779271129491,0.04878882079741219,0.053508732275514975
115,1995-08-01,0.35613487019282575,0.9470868634028925,0.41915111196017396,0.05446379091106742,0.05459367418591685
116,1995-09-01,0.36207187412982544,0.9471958454161222,0.3494701473248901,0.05613379727864913,0.05525167136305873
117,1995-10-01,0.3594743078746096,0.9237552358749835,0.3314953619941989,0.049667621266303634,0.0558192567143338
118,1995-11-01,0.36336252715960815,0.9172589602168267,0.3041473330953817,0.05423226447850668,0.05614574386329733
119,1995-12-01,0.3684966839363496,0.9135867402058337,0.2836994916860515,0.06267082634695001,0.056627940267920375
120,1996-01-01,0.36000073170880426,0.8733297321885485,0.28049986256241105,0.06126749068894397,0.05755215004344791
121,1996-02-01,0.3816003691064414,0.9126248554803741,0.3839665718962695,0.06321761904055317,0.05825033025430838
122,1996-03-01,0.379767032046813,0.8896106972953506,0.4642641755590838,0.0814893167511392,0.059511072937229084
123,1996-04-01,0.39464917611621164,0.9102082977957205,0.5149478762815541,0.09915612261553237,0.06005354389243001
124,1996-05-01,0.40593781694678255,0.921082807376661,0.5575084001033859,0.08012701615894827,0.06065126651899402
125,1996-06-01,0.41753743401917476,0.9325922556433728,0.5828896355647454,0.07407186206282554,0.06129921793770625
126,1996-07-01,0.4177732068561114,0.9148376641837724,0.5462221073490134,0.08124360096745953,0.06203255830307048
127,1996-08-01,0.4256228163065372,0.916718788499081,0.5458774877229258,0.08614767112311368,0.06237913696889331
128,1996-09-01,0.4352712099008331,0.9229971001307783,0.5642198673214439,0.1030273915688573,0.06285128761508672
129,1996-10-01,0.43573056042796826,0.9056215765432801,0.5177048332902559,0.11043464067678299,0.0638257261827625
130,1996-11-01,0.4499846544403545,0.9229118098595557,0.4469489826919327,0.10085246242191329,0.06494582824766812
131,1996-12-01,0.4600171951569007,0.929123784613635,0.45614099865844504,0.11328645832229291,0.06612620486315166
132,1997-01-01,0.46251516771375556,0.9164676560338127,0.5307839686232035,0.11249684685353077,0.06692986553752342
133,1997-02-01,0.48135870194858116,0.9440543204260722,0.5112930944575188,0.08837674067351993,0.06751754240565778
134,1997-03-01,0.49149490141240115,0.9493423172419025,0.5231842853450503,0.07849108957903642,0.06826595140866647
135,1997-04-01,0.49337905158343826,0.9337815810920949,0.5328680968381149,0.06813022123959463,0.06905956632460859
136,1997-05-01,0.5022937038489915,0.9348619245275871,0.501991819386495,0.07729995979517446,0.06967235758881705
137,1997-06-01,0.5097307108347783,0.9313460700138362,0.4510865774758253,0.06457643968958203,0.07051620129690742
138,1997-07-01,0.5236169179205651,0.9426138625120827,0.403894201774791,0.06787055035389433,0.07141529667636083
139,1997-08-01,0.5400193902833135,0.9587147703796369,0.420218505253398,0.0702309057108517,0.0730979612133267
140,1997-09-01,0.5551860877766012,0.9706317166088589,0.39675154976266375,0.06901062919492136,0.07388655325005399
141,1997-10-01,0.5700031910633964,0.9805822482515499,0.374687688463858,0.0814308543204397,0.07485094605930012
142,1997-11-01,0.5832796408122782,0.9859128902029912,0.34107770215291533,0.0721979862728902,0.07598109388263541
143,1997-12-01,0.590515427876886,0.9764456700972307,0.3255793917463599,0.05700888816345912,0.07689023502051846
144,1998-01-01,0.5979951178762558,0.9672722275923508,0.2852158180408374,0.0438799281824522,0.07806056587757233
145,1998-02-01,0.6007695137591743,0.9471626769773128,0.2878344737522276,0.038460967756295164,0.07970304738081964
146,1998-03-01,0.6013731735227105,0.9222768711737839,0.303265270957181,0.030752452035077853,0.08097885870138481
147,1998-04-01,0.6072654619216707,0.9101230075244973,0.31317308520720255,0.03269768726863678,0.08227978441802408
148,1998-05-01,0.6186232085837572,0.91113227573397,0.31317308520720255,0.029108364370186837,0.08349532118801137
149,1998-06-01,0.608218715891699,0.8638198669471772,0.2587231842853451,0.019378867241404897,0.08448482839333164
150,1998-07-01,0.6015886211150836,0.8270739750952406,0.25777548031360387,0.023058774650186242,0.08547433559865186
151,1998-08-01,0.6371456039544797,0.8861753947044221,0.23780805507349834,0.01733930258406094,0.08672503252314291
152,1998-09-01,0.6362126752290148,0.8643031784841076,0.1393370995335327,0.03006670892059584,0.08868395541692407
153,1998-10-01,0.6481903418502883,0.8720077329845909,0.17345444251621558,0.025410650957814623,0.09070315286128312
154,1998-11-01,0.6468529407580097,0.8507988855404562,0.27735985090666704,0.013505228951624686,0.09264700711741987
155,1998-12-01,0.6548387293470109,0.8508557457212715,0.2644955630223141,0.0,0.09410364208971868
156,1999-01-01,0.6624891514007143,0.850742025359641,0.2856397908703006,0.009527773851258964,0.09547991099458031
157,1999-02-01,0.6733042140329555,0.8579680066715945,0.32145302517083607,0.005438640745915371,0.09662512745556008
158,1999-03-01,0.6773631653722874,0.8510310646121186,0.3565202407842344,0.02717028410252904,0.09696668324216809
159,1999-04-01,0.6814851249697663,0.8448759500388547,0.35926596019643314,0.04868175513494761,0.09841327245603723
160,1999-05-01,0.6928489692052222,0.8547648831523283,0.4304040665115878,0.051996127194218984,0.09965392362209867
161,1999-06-01,0.6914302671346895,0.8374841265328556,0.4936676143706384,0.05366655290608817,0.10075393417014501
162,1999-07-01,0.7018876054626129,0.8460700138359775,0.4247313813093084,0.071458954688667,0.10213020307500663
163,1999-08-01,0.7091864007853675,0.8478753245768657,0.4405961919531317,0.08105070259522502,0.10299916117917111
164,1999-09-01,0.701818499631097,0.8187629119993936,0.40343060632541117,0.10160056187833555,0.10380784473275771
165,1999-10-01,0.7240360244634644,0.8525425977521277,0.45134832428706817,0.0925806198609012,0.10500831286510053
166,1999-11-01,0.7329547417779305,0.8582712609692764,0.39552856035151196,0.11144049862462753,0.10596768279513183
167,1999-12-01,0.7472149333636857,0.8753861753947048,0.46213491858361333,0.1204176921016949,0.1073489745792083
168,2000-01-01,0.7446661476954222,0.8573709747730334,0.48830877918497456,0.12986082421491532,0.10877044939700337
169,2000-02-01,0.7504771351161282,0.857034552036542,0.4255707762557077,0.14705236448889353,0.10943849233257485
170,2000-03-01,0.7571133274661129,0.8584750099505315,0.35207015256910185,0.15093491196027972,0.11098553913074051
171,2000-04-01,0.7682617241091954,0.8693400428346698,0.2747661347734806,0.1173142298864399,0.11380337437025652
172,2000-05-01,0.7733633604946353,0.8676863592426224,0.31093305763763246,0.14233674120457618,0.11319560598526286
173,2000-06-01,0.7741011668722905,0.857081935520555,0.19333161023520293,0.16709821494814003,0.11409470136471629
174,2000-07-01,0.7704141675084707,0.8375315100168688,0.1910140432497631,0.14975239502462775,0.11498375098574005
175,2000-08-01,0.7652779782072728,0.8150433085043881,0.15082727439588556,0.1625413941197609,0.11640020292432028
176,2000-09-01,0.773958890160346,0.8207482799795303,0.14343930386835532,0.1839241464247029,0.11819337080401227
177,2000-10-01,0.7666153792995516,0.7936117586853927,0.1305821199850665,0.17759633789859483,0.11900205435759886
178,2000-11-01,0.7671418031337462,0.7823771346259549,0.12624975897139248,0.1882751705878737,0.11957466258808873
179,2000-12-01,0.7609974817021986,0.7576050491840564,0.04952184026880336,0.13946663600077164,0.12182993535554452
180,2001-01-01,0.7520645367165382,0.7272654043706527,0.11568962900056207,0.1488454714457415,0.12437653511746004
181,2001-02-01,0.7398978453208238,0.690647447925551,0.2014437748545569,0.1490393739159229,0.12632038937359674
182,2001-03-01,0.7360929595385358,0.6710685923314574,0.1988455242526062,0.1297389936640304,0.12922361355976472
183,2001-04-01,0.7294445720418132,0.6461164496503102,0.3429309899198759,0.1317421690680041,0.13245332489489628
184,2001-05-01,0.7206315459990774,0.6173167680673223,0.49883690876195397,0.14103838677607466,0.1323578901898146
185,2001-06-01,0.7109343718178289,0.5873656678228237,0.5316865438343856,0.13263211595382593,0.1345127053729739
186,2001-07-01,0.6992351610470755,0.5541924906654541,0.5548827267617653,0.12304867044973583,0.13601454625820614
187,2001-08-01,0.697151823479316,0.5406029074505788,0.5281782732309214,0.13079477355085908,0.13771227943281647
188,2001-09-01,0.6879688779855246,0.5135895832148746,0.6276993092403671,0.1212100741370141,0.14330274399891507
189,2001-10-01,0.6830237459832237,0.4955554291995981,0.6704574825536314,0.0883216486810977,0.14273515864764
190,2001-11-01,0.6721456750928356,0.46658990542256584,0.7611527526492634,0.06763684655676405,0.14493015686451788
191,2001-12-01,0.6713814458972479,0.45822198214590343,0.8992332213319547,0.06562879012110427,0.14759228284837433
192,2002-01-01,0.6832757790158112,0.47532268152612756,0.9016521228979228,0.068287790239625,0.14861695020819832
193,2002-02-01,0.6834830965103589,0.4704469210212089,0.8790022354931007,0.07652169091433048,0.15008865381814163
194,2002-03-01,0.6965075132266529,0.4914188510452796,0.953536658912725,0.10759351861469292,0.1506813535654908
195,2002-04-01,0.7053571247096031,0.5051316313185876,0.9334022572585509,0.12104372857715198,0.15068637644470564
196,2002-05-01,0.712674212752465,0.5167026781145168,0.9245283018867925,0.12808080957962992,0.1520023707989894
197,2002-06-01,0.7277575767430424,0.5441661454483427,0.8808477642801757,0.11565259003160566,0.15325809060269527
198,2002-07-01,0.727164079601788,0.541977028486951,0.8318256224691996,0.12746731503130534,0.15540286002742493
199,2002-08-01,0.725117327474243,0.5376603930933838,0.7535108124407685,0.13904634012434527,0.15752753793529528
200,2002-09-01,0.7266803387811763,0.540872993309452,0.6801240630653915,0.14948028727019128,0.15873302894685293
201,2002-10-01,0.7228429326075866,0.5340402949148046,0.6925131386232447,0.14273124740732332,0.16098327883509386
202,2002-11-01,0.7331437665523712,0.5551164686037037,0.793409603097949,0.12245571342330573,0.16354494723465385
203,2002-12-01,0.7228612253276938,0.5365042360834712,0.8071524982871584,0.14782727893881872,0.16461482050741122
204,2003-01-01,0.7385299563616999,0.5685165178825268,0.8084161035828134,0.1762783756685201,0.16625730201065855
205,2003-02-01,0.7407332128723839,0.5741030306476377,0.7799422308679426,0.19979273187048163,0.16807056140720983
206,2003-03-01,0.7358531216526863,0.565877257823013,0.7636483731081819,0.1808991042590972,0.16908518300860417
207,2003-04-01,0.7248226114280721,0.5457677072079758,0.7898230542324625,0.13729559308477005,0.1709486711973037
208,2003-05-01,0.7243205778873536,0.5461041299444666,0.7150898267465855,0.13679038306225105,0.17395235296776818
209,2003-06-01,0.726672208683351,0.5518470082068194,0.6779939855670017,0.15763223960662864,0.17580579539803803
210,2003-07-01,0.7361397076010318,0.5710752260192188,0.8389764797105194,0.15838440194085437,0.1781615257497903
211,2003-08-01,0.7320990489818071,0.5637923845264494,0.9302637570923951,0.16507048563048446,0.18107479569438795
212,2003-09-01,0.7440137073449337,0.5874746498360535,0.8970489893208942,0.13844591744373624,0.17969852678952628
213,2003-10-01,0.7463043624072407,0.5924688690510034,0.8997156888084776,0.15498706806731957,0.1792113075056884
214,2003-11-01,0.758790160142602,0.6173499365061317,0.905382767104142,0.1612716948842363,0.1794875658625037
215,2003-12-01,0.7593450393191856,0.619027311840185,0.9010080124063066,0.16960183090938513,0.1794021769158517
216,2004-01-01,0.7621987036559018,0.6252677166846728,0.876204014818644,0.18740076862582172,0.17981907589068208
217,2004-02-01,0.7735279949755997,0.6481681545080651,0.8625421138786485,0.19045902783906185,0.181813158938967
218,2004-03-01,0.7659690365224321,0.634341653873126,0.8140552365326771,0.20724285001861248,0.18362641833551827
219,2004-04-01,0.7729588881278217,0.6489641970394798,0.9123927679109897,0.2073138159749529,0.1856857988135959
220,2004-05-01,0.7866032248033025,0.676522431341332,0.9831050228310503,0.2360816405264642,0.18954337005058036
221,2004-06-01,0.7717596986985746,0.6483103049601036,0.9805371963552372,0.2177211424388431,0.18965387339330647
222,2004-07-01,0.7858633859011909,0.6763850192376943,0.890911477884856,0.24018744351716623,0.19031689344966324
223,2004-08-01,0.7871398112597792,0.6791000928716291,0.8201947100887395,0.2738526256436129,0.1916580022000211
224,2004-09-01,0.7895585153628363,0.6835636170656361,0.7535395307429424,0.28227921085487895,0.19338587264992038
225,2004-10-01,0.8058146459647275,0.7144860787323971,0.7225812009993969,0.34222043691128023,0.1947721873132117
226,2004-11-01,0.8105870133882387,0.7223564754269253,0.7095028861893685,0.30295357084563684,0.19610325030513992
227,2004-12-01,0.8259366380825979,0.7502321790716631,0.6723528904971137,0.25954087361058414,0.1970174143222378
228,2005-01-01,0.8329203921146182,0.761201455620629,0.6443008529335745,0.28963468015966054,0.19733385571277168
229,2005-02-01,0.8470667623308178,0.7853196489831507,0.5954891104732625,0.3003415941215198,0.19774070892917237
230,2005-03-01,0.8444143179152804,0.7760988229942576,0.63461704144051,0.3496171709227961,0.1982128595753658
231,2005-04-01,0.8486338386866641,0.7798089497924607,0.5756419566189532,0.33976045272470723,0.19889094826936696
232,2005-05-01,0.8504021349636891,0.7782595098652415,0.4952225053026293,0.3140918973498025,0.1997548834943166
233,2005-06-01,0.85924564887327,0.7899774454616099,0.46006720082708713,0.367289629486742,0.2013973649975639
234,2005-07-01,0.8529915711210796,0.7721375637307862,0.45618161454294825,0.3888612318786818,0.20299464058787778
235,2005-08-01,0.8594082508297782,0.7786291010405416,0.4256614262008308,0.43774382451022203,0.2046421449703399
236,2005-09-01,0.8211398803656106,0.6987737154337488,0.3846570419328238,0.4426523031571033,0.20633987814495022
237,2005-10-01,0.8446500907522171,0.7380451469835678,0.4119238390626346,0.415503093793124,0.20803761131956056
238,2005-11-01,0.8666867209079694,0.7743077272985731,0.3808391487895236,0.38336882168771247,0.20888145502765096
239,2005-12-01,0.8769265791190632,0.787807281893823,0.3375426159091189,0.3922595465263102,0.21024265529486816
240,2006-01-01,0.8800708944530377,0.7876603930933838,0.3010424743689153,0.4418225928508896,0.21236733320273846
241,2006-02-01,0.8809123595779667,0.7830784101893442,0.29391973083393413,0.41037020087202564,0.21360296148958507
242,2006-03-01,0.8854144012487831,0.7854381076931826,0.3037784545308116,0.41897332905817214,0.2143363018549493
243,2006-04-01,0.8914916493732711,0.790669244328197,0.3212535085452064,0.47412975109862265,0.2162249044397229
244,2006-05-01,0.8920018130118152,0.7850211330338701,0.3128284655811149,0.48555858917098216,0.21656646022633094
245,2006-06-01,0.8983595495112796,0.7901385493072534,0.2996467648832601,0.48643034143011893,0.21848017720717872
246,2006-07-01,0.8973270270874536,0.7808608631375451,0.24825536314293098,0.5146688669055899,0.2205797407189749
247,2006-08-01,0.9061624108992091,0.7898495100547757,0.20900805735669253,0.5035044279531031,0.22216194767164432
248,2006-09-01,0.9028026479728617,0.7754070241276705,0.17793572843973465,0.42805484249105996,0.2235331936972911
249,2006-10-01,0.9004876026170787,0.7626703436250265,0.18058478668455408,0.3880262045019513,0.22600947315019915
250,2006-11-01,0.8996400399187805,0.7525255396978833,0.1547711356447464,0.38957124627186807,0.2277925952714615
251,2006-12-01,0.9201847971235716,0.7824813782907832,0.15158955802532956,0.4130466072143992,0.22994741045462078
252,2007-01-01,0.9132965717409995,0.7610024449877754,0.18446586009263705,0.3522235953571553,0.2318661503146834
253,2007-02-01,0.932416529301889,0.788323761869563,0.1759056467739522,0.391174469939483,0.23266981098905518
254,2007-03-01,0.9360628781765818,0.7869685942267967,0.14706642543292842,0.40066475746739283,0.23437256704288031
255,2007-04-01,0.9498576216618326,0.8049980098936718,0.17489856285410693,0.42951567670232815,0.23801415447362737
256,2007-05-01,0.9518332354334054,0.8017143344515839,0.18368226070474714,0.4252518807591293,0.23871233468448783
257,2007-06-01,0.9530263272892832,0.797895225640151,0.2504441080300476,0.45817779577220474,0.24037993058380927
258,2007-07-01,0.9505446149280792,0.7884990807604102,0.23004590825733237,0.512274130491156,0.24193200026118972
259,2007-08-01,0.9545242978136136,0.7924176948882699,0.21073864721813296,0.4978981174022073,0.24575441134367043
260,2007-09-01,0.9591259331827912,0.7986012395519418,0.19475996789596117,0.559584901446113,0.24666857536076825
261,2007-10-01,0.953274295272958,0.7865184511286748,0.23718445765486346,0.6076043893089141,0.24742703012220663
262,2007-11-01,0.9643129355953977,0.8065521881692918,0.2130955457913328,0.6808393976200723,0.24870786432198663
263,2007-12-01,0.965038546826315,0.808257993593753,0.25602653571120876,0.6556593414746339,0.25022979672407814
264,2008-01-01,0.9622844761879599,0.8041072003942309,0.24358453642506372,0.6661338997338285,0.25191748414025883
265,2008-02-01,0.9541340531179943,0.7901432876556548,0.42594985784440426,0.6858471948125177,0.2562622746610812
266,2008-03-01,0.9478291622543951,0.7796194158564093,0.44604118204531745,0.7680129983826213,0.2595773749428647
267,2008-04-01,0.9345140945408428,0.7559039821079965,0.5457913328164039,0.8261725995281409,0.2617120986091647
268,2008-05-01,0.9220933375880845,0.7331741248270506,0.6366560408948623,0.9307745682220776,0.2623500042694473
269,2008-06-01,0.9173392628846808,0.7236595212372778,0.6767303802713468,1.0,0.26328928268261925
270,2008-07-01,0.9100729879532277,0.7082788423267187,0.6559834582579478,0.9958452658287953,0.2656651045512309
271,2008-08-01,0.8782660127357982,0.6463296753283676,0.6390929939650539,0.8595166376612521,0.2663984449165951
272,2008-09-01,0.7904284358301543,0.4803216390894789,0.6243810180227859,0.757079476249123,0.2697436824736675
273,2008-10-01,0.8093796938611666,0.510898201322947,0.809166882053933,0.532604018350506,0.2748921336688616
274,2008-11-01,0.7839650080589597,0.4594918595174466,0.8741085360366828,0.37510142783843714,0.2775090537397847
275,2008-12-01,0.7303917284384726,0.3564327817895795,0.7046609804428362,0.2429925956701735,0.2864347101045261
276,2009-01-01,0.6843408218309386,0.26751293569113577,0.7264667872835359,0.24779279747154753,0.2906689972826223
277,2009-02-01,0.6733855150112096,0.2439254373495578,0.7806405390576467,0.2263892782867501,0.2921909296847138
278,2009-03-01,0.6453732629537866,0.18973294668410368,0.7788403549582149,0.2986289377235025,0.2955612816378604
279,2009-04-01,0.6307716072593643,0.16070108602945396,0.804805802738085,0.31256460858941826,0.29579735696095716
280,2009-05-01,0.6131313275026984,0.12712514925797483,0.8701387093995003,0.38913054768299377,0.2987156497847696
281,2009-06-01,0.6066150540956387,0.1150992210155231,0.9451193245455328,0.4757393201074296,0.2992229605854667
282,2009-07-01,0.6260622480940001,0.1518782813062683,0.9245283018867925,0.43094609232412856,0.2994339215124894
283,2009-08-01,0.6451659454592389,0.18928754193438327,0.9285488641911489,0.48719628221950434,0.2994088071164152
284,2009-09-01,0.6606883347323877,0.22129034703663733,0.8961464141097121,0.4738393064702918,0.2993384868074077
285,2009-10-01,0.6654769623515497,0.23459562934743503,0.8988541397432583,0.5253142017716974,0.30065950404090624
286,2009-11-01,0.6732046203345942,0.2540844563219047,0.9012483392508149,0.5438769605151871,0.30212116189241994
287,2009-12-01,0.6804647976926783,0.27337427266352066,0.9370207633324719,0.5151499413885715,0.30188006369010845
288,2010-01-01,0.700044105780703,0.31597676313944056,0.9644951095754376,0.5466173669450287,0.3001471703609943
289,2010-02-01,0.7068591602828461,0.33530922461666746,0.9547187949195811,0.5307977480091248,0.3026385184515467
290,2010-03-01,0.7193571531649455,0.3654072136616065,0.95489228763752,0.5701024296808017,0.30244764904138344
291,2010-04-01,0.7255827755747474,0.38408104471105564,0.9707073317825449,0.5953151132695003,0.3040198102356232
292,2010-05-01,0.7504588423960211,0.4373448190898581,0.8889032480399758,0.5092209131512175,0.3067422107700576
293,2010-06-01,0.7539100689229045,0.4504795208582101,0.8529335745670715,0.522216699063701,0.3077015807000889
294,2010-07-01,0.7610096768489368,0.46986410416785146,0.8153659327089154,0.5302440623690606,0.30827418893057873
295,2010-08-01,0.7678877396092268,0.488220465874415,0.7546308262255536,0.5325256332260028,0.3107052624705533
296,2010-09-01,0.7734405964239766,0.503350012319706,0.7441527485466487,0.5214495217462886,0.312252309268719
297,2010-10-01,0.7680869270059492,0.497303879759671,0.7243818385457051,0.5757285093195351,0.31474868023848623
298,2010-11-01,0.7697251417177677,0.5036106214817763,0.7657965021107952,0.5949886698703342,0.3157833933567399
299,2010-12-01,0.788176398732518,0.5407450579026173,0.8680968381149305,0.634921282625792,0.31747610365213547
300,2011-01-01,0.7841662279801381,0.5349311044142454,0.8895666408201948,0.6351219711245976,0.31859620571704106
301,2011-02-01,0.7766214971981653,0.5216021303614412,0.9269859839570495,0.6302899645207569,0.32180080265609845
302,2011-03-01,0.7963085290823763,0.5586512765110596,0.9000078663175519,0.7468147575641645,0.32471407260069607
303,2011-04-01,0.7901316872595271,0.5462368036997027,0.9158180408374257,0.8012979834700934,0.3278985780228943
304,2011-05-01,0.7924304724196596,0.5488760637592165,0.8619388136059111,0.7308513036185049,0.3315301196952116
305,2011-06-01,0.7982028418756949,0.5571255283258469,0.8308779184974584,0.6930133693410295,0.33524705031418106
306,2011-07-01,0.8076337553531613,0.5713690036200985,0.8353579736365986,0.7014960752600419,0.3433790917629803
307,2011-08-01,0.8206195541047849,0.5914406474479256,0.6970343982828952,0.6119652473260351,0.35274676149862616
308,2011-09-01,0.8190179248331807,0.5835039138757793,0.6375586161060444,0.6052910680987781,0.3537613831000206
309,2011-10-01,0.8324468139162887,0.6030780311214722,0.673300594468855,0.6118782295462366,0.35540888748248267
310,2011-11-01,0.8322781143864115,0.5967286442637553,0.6451537865081416,0.700328845796476,0.35800069315733163
311,2011-12-01,0.8426155337714103,0.6095790451280303,0.640446856781827,0.7117737959220014,0.3603915836635876
312,2012-01-01,0.8542964518220566,0.6245380110308749,0.6357715171879038,0.7257344976481237,0.36406833124883836
313,2012-02-01,0.8606318305525011,0.6293758647485834,0.6320754716981132,0.7414894722003769,0.36666515980290215
314,2012-03-01,0.8503980699147763,0.6034144538579634,0.6667528215731885,0.7737561764574957,0.3688752266574245
315,2012-04-01,0.8645424076065197,0.6225573813991395,0.6406273718240635,0.7506054041220899,0.3715624670373551
316,2012-05-01,0.8691155876333083,0.6240357461003393,0.5911949685534591,0.679877732108676,0.37373737373737365
317,2012-06-01,0.8692253439539513,0.6174162733837498,0.5558755594940655,0.5790784403919299,0.37725338918775014
318,2012-07-01,0.87339201908947,0.6184729250772356,0.5383656003971331,0.6247144503491603,0.37990044653396216
319,2012-08-01,0.8648798066662738,0.5964301283144747,0.5721022920951,0.6756075169721536,0.3834465992596276
320,2012-09-01,0.8634265516799832,0.5875504634104738,0.5773330975409575,0.6787281515259668,0.387474948389916
321,2012-10-01,0.8703025819158171,0.5940941225526429,0.5799743176326273,0.6377400826688878,0.39080511730934403
322,2012-11-01,0.8775871495673772,0.6015475445878586,0.5620401481864391,0.6135842849299737,0.39427090396757225
323,2012-12-01,0.882310736403936,0.6045563958226725,0.5739812182303783,0.624422788716929,0.4004239310057311
324,2013-01-01,0.8828005747979163,0.6001355167642771,0.6146332057420194,0.6807111519989713,0.4015942618627849
325,2013-02-01,0.8921481547726724,0.6121093231743143,0.6282098370765373,0.6852183617383345,0.4025486089136014
326,2013-03-01,0.9002376021089474,0.6220882849074126,0.6218402688033082,0.6658729393260429,0.40537146703233223
327,2013-04-01,0.8984977611743113,0.614592217736586,0.5849918152838803,0.6583881115249358,0.4067477359371939
328,2013-05-01,0.9000709351035266,0.6134265840298705,0.6239338330317912,0.678694374786699,0.40846556062866357
329,2013-06-01,0.9042538704346962,0.6172741229317114,0.6968984233652106,0.68900145415696,0.4113336246603277
330,2013-07-01,0.8979875975357675,0.6025331210553249,0.7510123201516327,0.7616221269271288,0.41330259331253855
331,2013-08-01,0.9096319301461997,0.6203682644377477,0.78220039631257,0.7771430267238437,0.4162158632571362
332,2013-09-01,0.9199307315665277,0.6358816171035424,0.7962177996036873,0.774831584882703,0.4192496823028896
333,2013-10-01,0.9183250372460107,0.6299871116923488,0.7586801068320841,0.7278952336037997,0.4254931211669153
334,2013-11-01,0.9230770794249582,0.6356067928962683,0.7782463395500899,0.6734260234742482,0.4259301116586049
335,2013-12-01,0.9271766812534172,0.640056102045071,0.8127484645964874,0.7041218071963106,0.4291949831482402
336,2014-01-01,0.9199083737975077,0.624007316009932,0.8072427558082765,0.6795724863328324,0.43269592996097217
337,2014-02-01,0.9352925514076248,0.648679896135403,0.7798424725551277,0.7301730540498116,0.43599596160511117
338,2014-03-01,0.9551584454439949,0.6812844714846196,0.7802557569939322,0.730062398737187,0.4377991752432329
339,2014-04-01,0.9571625145579566,0.6816493243115181,0.7747500482057216,0.7403881143512856,0.44005444801068866
340,2014-05-01,0.9651056201333744,0.6925190955440573,0.7475825343491407,0.7412702887752225,0.4432942051042498
341,2014-06-01,0.9722479110729901,0.7017730899717597,0.7534492732218242,0.7707900990140986,0.44606683443083234
342,2014-07-01,0.976886131882382,0.7064214097534167,0.743602998190747,0.7527896072292376,0.44881434936134085
343,2014-08-01,0.9729349043392366,0.6956937889729161,0.7208663080981509,0.6952339970309196,0.4500248632521133
344,2014-09-01,0.9789369490588397,0.7030334906465007,0.7426183706876393,0.6681042188216524,0.45209428948862057
345,2014-10-01,0.9791869495669709,0.7004037072837891,0.698974756612389,0.5961646771468332,0.4558011743491604
346,2014-11-01,0.9921178701582727,0.7207738670608974,0.7018370140623953,0.5259182782531685,0.45784548618959353
347,2014-12-01,0.9919512031528522,0.7182009438790018,0.67442060825364,0.3912683809891236,0.46204963609240085
348,2015-01-01,0.9754084866026153,0.6868520308561247,0.6135952442491599,0.29275221462169665,0.4664094952508676
349,2015-02-01,0.9620548009243923,0.6619614867041949,0.6319008946506872,0.3202159836996971,0.4722812410529964
350,2015-03-01,0.9551015347592172,0.6489499819942762,0.6446971655035754,0.2976867033668185,0.4721858063479147
351,2015-04-01,0.9438027313063645,0.6284945319459447,0.6222107349013526,0.35178833749160043,0.47388856240173993
352,2015-05-01,0.9347132819375651,0.6124078391235955,0.6719738089084173,0.3910606442805633,0.47526985418581635
353,2015-06-01,0.9282640818375648,0.6014243475294253,0.7026794175928318,0.3955863368599113,0.47729909738860504
354,2015-07-01,0.9415120762440576,0.6258268417960238,0.6949254760058586,0.3228005875981185,0.4794940956054829
355,2015-08-01,0.9377295482307891,0.6200981785788744,0.6629209795402611,0.25724022489265175,0.48174434549372386
356,2015-09-01,0.9319978292638808,0.6109815962548096,0.6652676750893345,0.27855620161200867,0.4848183475731958
357,2015-10-01,0.922095370112541,0.594354731714714,0.6478479735135202,0.28462896740017507,0.4873950846104003
358,2015-11-01,0.9071014371980431,0.5684691343985144,0.6854711086322681,0.2537789533037556,0.4919809733335342
359,2015-12-01,0.8971806853265964,0.5513873884118954,0.6602050486775222,0.21089356461353556,0.4955622862137034
360,2016-01-01,0.9077294872550554,0.5705018858626635,0.6055647000675636,0.1659628869779542,0.502458699375656
361,2016-02-01,0.8972375960113741,0.5517522412387941,0.5454553286809684,0.15486252281394214,0.5060852181687587
362,2016-03-01,0.8823005737816542,0.5247247019578856,0.5687085379512363,0.21381300728562316,0.5086418636891038
363,2016-04-01,0.8890587175990197,0.5360114478497378,0.5517237135226281,0.24000090443192848,0.5126099382688144
364,2016-05-01,0.8845119603901637,0.5268427436932586,0.5519944860859826,0.2886176535220205,0.5159752673427461
365,2016-06-01,0.8939611665877372,0.5423087128750401,0.5192556216076506,0.3053061890700815,0.5190141092677144
366,2016-07-01,0.8963168624326474,0.5448721593601336,0.48916171275954157,0.2717986289377235,0.5217365098021487
367,2016-08-01,0.8932843359437722,0.5376746081385875,0.4990878817505178,0.2723931462369657,0.525970796980245
368,2016-09-01,0.8911644129357987,0.5321070487670817,0.5132740095262711,0.2761311935039177,0.5289945702675687
369,2016-10-01,0.8914774217020768,0.5310314436799908,0.53721030412682,0.31361389094388076,0.5326763407320344
370,2016-11-01,0.8831034209419127,0.514826292147609,0.6082881020074093,0.2800368556010834,0.5363681569549297
371,2016-12-01,0.8967680828619572,0.5381673963723209,0.6498336389781207,0.33152941558859095,0.5386384983600299
372,2017-01-01,0.8914774217020768,0.5282879399556495,0.615964504178513,0.33588354873651566,0.5423805433750734
373,2017-02-01,0.8834184622326469,0.5141060631906146,0.6133458484671228,0.34375427090272537,0.5457308038113607
374,2017-03-01,0.8966115784788181,0.5382384715983398,0.6003685931652938,0.3099625235236017,0.5488148516492624
375,2017-04-01,0.917113652670026,0.5759225564337295,0.5428167213070153,0.32410323733450375,0.5516276640095635
376,2017-05-01,0.9195201616263449,0.5820255491745796,0.5438959248729215,0.30301366610775604,0.5542395612012717
377,2017-06-01,0.923713259579796,0.5918718371524423,0.4960799517532523,0.2760932144287983,0.5553295259908885
378,2017-07-01,0.9188291033111858,0.5860720987092741,0.49939691565434646,0.2879496308768598,0.5581925671433379
379,2017-08-01,0.9104083544885254,0.5743825932033131,0.4786504395773166,0.2994276273048614,0.5611661116385134
380,2017-09-01,0.9124998221541102,0.5816038361668657,0.477504953907125,0.31399551882242965,0.563597185178488
381,2017-10-01,0.9374856452960271,0.6297549326206857,0.5073170131324692,0.328324158295372,0.5665757525528783
382,2017-11-01,0.9423982569070265,0.6419988248895968,0.5060534078368144,0.3696261375174616,0.5682132111769108
383,2017-12-01,0.9464226553306003,0.652427929720817,0.48830877918497456,0.37976978321190635,0.5711716870344419
384,2018-01-01,0.9463840373659298,0.6552709387615852,0.5003671840063673,0.42724339747027573,0.5716438376806352
385,2018-02-01,0.951384047528552,0.6665008244726222,0.5524932776500568,0.41525396593586555,0.5734570970771865
386,2018-03-01,0.9615100843700902,0.686349765925589,0.5339429818623409,0.4192960551929585,0.5763100924712062
387,2018-04-01,0.9844003747975097,0.7285210666969921,0.5020820769076133,0.4480969127074806,0.5772091878506598
388,2018-05-01,0.9654877347311683,0.6950162051515326,0.5212371844576548,0.4784918314958528,0.5800069315733164
389,2018-06-01,0.9816584993058929,0.7236073994048633,0.48592598062745385,0.46131398414276464,0.583035727739855
390,2018-07-01,0.985044685050173,0.7284784215613805,0.46462520564355664,0.4866794135041579,0.5847535524313247
391,2018-08-01,0.9986239809430509,0.7509097628930459,0.4637344031525204,0.4628019036940361,0.5872499234010919
392,2018-09-01,1.0,0.7508718561058357,0.4790711594183183,0.4805641223085016,0.5890330455223542
393,2018-10-01,0.9976666619241098,0.7437074733230984,0.4617902989575256,0.48478006037267446,0.5896357910281331
394,2018-11-01,0.9993434946005989,0.7433284054509961,0.4530541914362023,0.37227790720104464,0.5906102295958089
395,2018-12-01,0.9998617883369681,0.7405801633782533,0.3855976203107925,0.3115535408392233,0.5967280964794639
396,2019-01-01,0.9858068817213045,0.7115909478592145,0.33853544864141916,0.32667551314146664,0.5999126019016621
397,2019-02-01,0.9743231185429241,0.6872026686378196,0.33142885645232234,0.35588422036647577,0.601675632506065
398,2019-03-01,0.9751076729830752,0.6846439605011277,0.3107361321370109,0.3819726932216361,0.6039409510319504
399,2019-04-01,0.9628779733292142,0.6588720835465592,0.2999052296028259,0.4285802609144796,0.6053624258497455
400,2019-05-01,0.9652763521877078,0.6591753378442412,0.2794865167571293,0.40380677518436636,0.6102748017218429
401,2019-06-01,0.9662011508153473,0.65695305244404,0.22190919272852588,0.35345844523911985,0.6162520279874829
402,2019-07-01,0.9561056018406542,0.6353556604310002,0.2139226328939433,0.37549823247150865,0.6203758118228531
403,2019-08-01,0.9702966875948935,0.6569720058376457,0.1845438097699664,0.35466962444170763,0.6244543897452897
404,2019-09-01,0.9632377301579884,0.6413733629006279,0.21214784181959165,0.37214324929888865,0.629311513946024
405,2019-10-01,0.9456848489529451,0.6077026591611226,0.2557077625570776,0.3477909265508804,0.6361376067989692
406,2019-11-01,0.9560324309602257,0.6239125490419059,0.32823659044224673,0.3729752504359738,0.6416376595392009
407,2019-12-01,0.9512173805231312,0.6139430640056105,0.33817441855694635,0.39556284282739557,0.6452139495401553
408,2020-01-01,0.9376706050215551,0.5891804552605148,0.3180469913475858,0.376811778530058,0.648664667560739
409,2020-02-01,0.944575090599778,0.6013769640454123,0.2639922369894755,0.31987665437687973,0.6511911758057953
410,2020-03-01,0.863971268234285,0.4598093288603328,0.32540708193331613,0.14576068731173866,0.6776517035094857
411,2020-04-01,0.6028752090959534,0.0,0.3944951117347085,0.042440468241367456,0.7284832411634997
412,2020-05-01,0.6313000636180157,0.05224976782092828,0.39732919789782023,0.14049493270814478,0.7710521425091291
413,2020-06-01,0.7457921662442405,0.25762874092606286,0.40260187817696214,0.22002285103794164,0.7855029660101762
414,2020-07-01,0.8155524706351029,0.3850192376945095,0.3795123632290859,0.2396354220764768,0.7933939092566641
415,2020-08-01,0.8344407204079684,0.42334773791247327,0.38429601184835094,0.2529265085465285,0.7967291010553068
416,2020-09-01,0.8346846233427304,0.4293133185496864,0.39079455336886193,0.23085271679339311,0.808397249471342
417,2020-10-01,0.8503858747680383,0.4633583518128925,0.41119275314157716,0.2289073049129732,0.8161676436166738
418,2020-11-01,0.8573411734576696,0.4823164837664185,0.42749611169303464,0.24148728549818155,0.827609762468042
419,2020-12-01,0.8833859418413453,0.5356987168552529,0.4389592487292151,0.2911689641357411,0.835350019338085
420,2021-01-01,0.8939388088187171,0.5617501563654974,0.4677984700702389,0.3318390868331632,0.8467268407596603
421,2021-02-01,0.8275301372563768,0.44956501961676276,0.5031129128067001,0.38927594385485925,0.858631064498792
422,2021-03-01,0.8838452923684804,0.5573482307007072,0.5711957926438693,0.4160992078263838,0.8700179316787969
423,2021-04-01,0.8873635922024233,0.5703502587138229,0.5759455500990782,0.4110689042877846,0.8870103320625449
424,2021-05-01,0.905140051097665,0.6087024506737931,0.5750236925992935,0.4392477705399671,0.9005269000296349
425,2021-06-01,0.9125668954611696,0.627925930137791,0.5523391057120702,0.4899173504666657,0.9026515779375054
426,2021-07-01,0.9217782962973504,0.6497460245256916,0.5102955113293702,0.49895213082042583,0.9104521093581263
427,2021-08-01,0.9175465803792285,0.6465997611872408,0.504609287498923,0.4601479382131676,0.9196389554420384
428,2021-09-01,0.8934449053758241,0.606622315725631,0.5246464571871653,0.4921045918998228,0.928077392522942
429,2021-10-01,0.9204408952050716,0.6585877826424824,0.5639355561299215,0.5723319434758308,0.9362697085223192
430,2021-11-01,0.9342478338370607,0.6859849130986904,0.559576117859912,0.5533234163785558,0.9450245869937566
431,2021-12-01,0.9282966022288663,0.676825685639014,0.5416558973033514,0.4926401851824374,0.9527799125014441
432,2022-01-01,0.9204307325827898,0.663525141676617,0.5982424399069527,0.5865757571261111,0.9586315667867136
433,2022-02-01,0.9330486444078139,0.6867288337976913,0.6305042782712791,0.6552843610963812,0.9635288740211665
434,2022-03-01,0.94492468480627,0.7079376812418265,0.6445398391525353,0.7928929530160209,0.9653572020553621
435,2022-04-01,0.9459267193632508,0.7087195087280377,0.7372706125613853,0.7380087694567685,0.9667987683900165
436,2022-05-01,0.9437620808172376,0.7030619207369079,0.6845827846086311,0.8014602336119407,0.9638202010156263
437,2022-06-01,0.9373494661574516,0.6890127177271093,0.6498336389781207,0.8445896246112886,0.9614192647509406
438,2022-07-01,0.9415161412929702,0.6934904569663198,0.5143706384078572,0.736715237487573,0.9613589902003626
439,2022-08-01,0.9389409328067742,0.6851225336896575,0.3866819497979106,0.6718037417123054,0.9596009824751744
440,2022-09-01,0.9429145181189393,0.6881977218020887,0.45704357386962713,0.5950314184107012,0.955286329229641
441,2022-10-01,0.942123866105419,0.6823032163908952,0.4503058499181528,0.6219357952253061,0.9504442736665513
442,2022-11-01,0.9360730407988637,0.6666714050150678,0.3048332902558801,0.5959485689131201,0.9471141047471231
443,2022-12-01,0.9119103900617687,0.6182928678379863,0.18888847862742927,0.5312039614118466,0.9401272797593037
444,2023-01-01,0.9269226156963734,0.6404493849623776,0.12770741793745155,0.5449623848174143,0.9394441681860877
445,2023-02-01,0.9296990441037483,0.6407715926536647,0.12393156579740902,0.5344315784787894,0.9384044321886192
446,2023-03-01,0.9374002792688604,0.6500492788233736,0.09141035581976395,0.5054205087742955,0.9229038269316737
447,2023-04-01,0.9421258986298754,0.6540484448740551,0.019384853967433488,0.5557620774295629,0.9155503317611722
448,2023-05-01,0.9355323892934744,0.638013873884119,0.0,0.4915495674624961,0.9191366675205561
449,2023-06-01,0.9190892664415987,0.6047080229715132,0.027417773346954062,0.4806946178527798,0.9182124577450287
450,2023-07-01,0.9350872664375336,0.6298496995887117,0.04828982510553977,0.5282035968127254,0.9176750096690425
451,2023-08-01,0.9337173449539532,0.624234756733193,0.0587763755754586,0.5715927147639511,0.9164142669861218
452,2023-09-01,0.9374124744155986,0.6279638369250018,0.09880244679934524,0.6371989672517917,0.9150882268734084
453,2023-10-01,0.9261888743676311,0.6052908398248705,0.17823809113548067,0.6063053743747585,0.9134256538533019
454,2023-11-01,0.9342173459702156,0.6170940656924621,0.1222784280421913,0.5413878295965456,0.9139028273787101
455,2023-12-01,0.9289165221880533,0.6052434563408582,0.030757301628327745,0.4941759529921506,0.9141288569433772
456,2024-01-01,0.9008514244947654,0.5529415666875154,0.03797790331778445,0.5125578253499551,0.9177403070988351
457,2024-02-01,0.9224510618924022,0.589024089763272,0.06629620056862238,0.5378295965456353,0.9221654636870948
458,2024-03-01,0.9259571665796069,0.5928479369231063,0.06648574136297065,0.5707106079266392,0.9241545238561648
459,2024-04-01,0.9216055317185604,0.5826083660279378,0.12914620487636772,0.6039202884572583,0.9255659529155301
460,2024-05-01,0.9341990532501083,0.6023104186804646,0.11837684156112693,0.5604810588636802,0.9286098177197133
461,2024-06-01,0.9348291358315771,0.6005335380299844,0.08482630717398305,0.5583822152386589,0.9317943231419114
462,2024-07-01,0.9161644637489103,0.5643325562441959,0.07409321960885676,0.5749744038698381,0.9333564385777215
463,2024-08-01,0.9254165150742176,0.5773677526961204,0.0024984922891358665,0.5332119062810678,0.9377213206154031
464,2024-09-01,0.9127640503334359,0.5513968651086977,0.012466614973722803,0.48059590758684145,0.9420610882570107
465,2024-10-01,0.9058758249508637,0.5354570610867876,0.1398294132850866,0.49486964521537846,0.9446026651397114
466,2024-11-01,0.9022782566631234,0.5251701067076059,0.22408891186353064,0.4782618372828039,0.9496154985961054
467,2024-12-01,0.9233108197374384,0.5581963950645363,0.2613652680853508,0.4796336768054899,0.9504492965457659
468,2025-01-01,0.9179734105150622,0.5445973351528596,0.3357374654867547,0.5255349220245426,0.953864854411846
469,2025-02-01,0.9390019085404646,0.5773108925153052,0.302000154171938,0.4911821233971669,0.9574963960841634
470,2025-03-01,0.9378047516356743,0.5708335702507534,0.269668960028226,0.46429860950656887,0.9611128691188363
471,2025-04-01,0.9395832105349808,0.5695542161824074,0.2693981874648714,0.4259220789498415,0.9678385043874851
472,2025-05-01,0.9362823908178678,0.5593478137260476,0.2968364738848068,0.41474916499028797,0.9706965226607195
473,2025-06-01,0.9467092412789457,0.5731648376641838,0.2891961747221504,0.463726944934934,0.9764678108785518
474,2025-07-01,0.9551543803950824,0.5835276056177858,0.2907728095115017,0.4655379638834894,0.9807925098825148
475,2025-08-01,0.9496807920341304,0.5695873846212168,0.2666904618313251,0.4367568908174016,0.9847907217375144
476,2025-09-01,0.9513312018926869,0.5681184966168195,0.25901857253627736,0.4293691657957977,0.9899994474832864
477,2025-10-01,0.9422071996081295,0.5478810105949474,0.275178771431033,0.40435950321249986,0.9943141007288198
478,2025-11-01,0.9446563915780317,0.5478241504141315,0.32022821477460917,0.3975668425833873,0.9955346603780219
479,2025-12-01,0.9497803857324914,0.5524250867117761,0.35719824243990694,0.3805105871529684,1.0
