id,t,O_raw_a,R_raw_a,I_raw_a,survie,energie_nette,integrite,persistance,repertoire,codification,densite_transmission,fidelite,demande_env
1,0,0.6496714153011233,0.6357787360348283,0.44055723412056325,0.9378494308322676,0.5938283805975998,0.8979548805610202,0.7100179602118325,0.34296335259770905,0.47256553383427397,0.785178602862951,0.7324821725025619,1.0608696219573486
1,1,0.5861735698828815,0.6560784526368234,0.5400624977046227,0.8538917337911187,0.4483955271782626,0.8647243578038939,0.6656475567099798,0.5804979128790929,0.7062314628722277,0.4909008779278069,0.7855481329284483,0.6618192416545402
1,2,0.6647688538100692,0.7083051243175277,0.6005243699718182,0.943480296005283,0.5096120776940983,0.8041741258944123,0.7097838002425827,0.6778556231994495,0.4031053731313197,0.39373898496343057,0.7207580079000039,0.8439515884296364
1,3,0.7523029856408026,0.7053802052034903,0.6046980593764741,0.9677818929402475,0.45377247112949576,0.7547144255606099,0.743463842322911,0.60784299659976,0.380121199002462,0.27294284110807593,0.769203847036096,0.4413454084257672
1,4,0.5765846625276664,0.46223306320429086,0.5549934528520756,0.9206717451611851,0.45655037725676845,0.8488756319529513,0.7039088056260563,0.6494071528708725,0.42758847167269515,0.22952904856160827,0.6106385333046215,0.5087127246363982
1,5,0.576586304305082,0.5062174960084878,0.6622849932347499,0.9938397906279033,0.46908278765313605,0.8275439769795225,0.7032473352963106,0.3864807367145809,0.35700070876119316,0.2623796085491765,0.821329370737294,0.7944812555760754
1,6,0.7579212815507391,0.651503526720866,0.49323795706174056,0.8613105400448213,0.5222133771633712,0.8626635254019414,0.6438406649754596,0.28672839998872346,0.5184005473992194,0.5400689976517226,0.8001205475362224,0.996823205707193
1,7,0.6767434729152908,0.6513785950912209,0.5857620514978706,0.8377672648344292,0.45212513783365227,0.8444620261177379,0.6469679265959241,0.725200047793323,0.7437017687704341,0.5763087534844901,0.718291136893181,0.771122669757132
1,8,0.5530525614065047,0.6515047686306048,0.6120295631711898,0.811063987554786,0.6255756125573521,0.8734686900723535,0.5877915782560245,0.45159802417367967,0.5484618909674044,0.26282139469518,0.8659245668432406,0.637388393895369
1,9,0.6542560043585964,0.9852731490654721,0.6514438834058749,0.9748022155744591,0.4105392697780496,0.7625335351907603,0.8399661394549551,0.4623750475317429,0.46214697468105687,0.6342557471114173,0.8937570137626559,0.6998582810846707
1,10,0.5536582307187538,0.6570890510693167,0.671161487808889,0.9327182828177029,0.4813128355838641,0.8922175845944028,0.6004909411686972,0.6992291212773587,0.45622830966266836,0.42754084224748407,0.6392440135631026,0.44991845320605645
1,11,0.5534270246429743,0.7135565640180599,0.48753579081621307,0.8972207664544772,0.4560268941725825,0.813831972328468,0.6445675841763274,0.583434501410099,0.26552137869550146,0.5220189517978324,0.7237275221433787,0.8209030652710734
1,12,0.6241962271566034,0.6954001763493203,0.44658858292643777,0.913998431315991,0.6446977884353733,0.9452682610837686,0.6425274187544642,0.5683831658122411,0.6324664665720738,0.7418330942383137,0.7230857650212702,0.8764666124646818
1,13,0.4086719755342202,0.6651391251305798,0.7277676821898509,0.8437255476350812,0.5196554776511575,0.7517568527337303,0.7715939501555553,0.8247503517351626,0.4883244204480797,0.6345258973798298,0.7060096898891136,0.6095819334333838
1,14,0.42750821674869666,0.5684730755359654,0.6332314011979592,1.0,0.6031844539468635,0.9215174662215675,0.6764040257366377,0.40347226544297854,0.47292801296140613,0.4597204028141252,0.8829474841931749,0.6059915704480996
1,15,0.5437712470759027,0.6758969220493267,0.5251513463443446,0.9064610590987614,0.3514439626963028,0.8138537548423854,0.7998193658138987,0.6391760192121856,0.9789661351767291,0.3663211661877069,0.7806173861227197,0.7531756459304096
1,16,0.4987168879665576,0.5227174785462427,0.7551151975522523,0.9054697397302447,0.5267050265869259,0.7544007397469886,0.6461207500604905,0.5085519687345627,0.5448129362548529,0.17722768980060427,0.773548515868939,0.6126560527918808
1,17,0.6314247332595274,0.5763181393259991,0.6115674634292858,0.9362883311949346,0.5889630795623437,0.7661279916161975,0.7223195329779041,0.5402888418294886,0.38723134248572233,0.392127002113637,0.5996137635593247,0.6867734770748355
1,18,0.5091975924478789,0.5514636452170896,0.7179297184063826,0.9240504615868357,0.5082283989275425,0.7775756884263977,0.6331722357392193,0.7292702639618798,0.4360463605691685,0.46833046417584584,0.8635418030209226,1.119944357833303
1,19,0.45876962986647085,0.6081874139386322,0.6067518481410109,0.9111942012139566,0.6065480375065351,0.8296916162481341,0.871611930221871,0.5761753634434436,0.6722668563795132,0.35192307092732245,0.6760741605146527,0.6505948598508007
1,20,0.7465648768921553,0.8314658566673508,0.8060747924881987,0.8604762772277345,0.4482711549899628,0.8365984841624851,0.6049921264776389,0.580744411857445,0.5169905615806647,0.4803114549361543,0.8059932630266329,0.6283319695957555
1,21,0.5774223699513464,0.41327348074082515,0.7755340842443205,0.9235734178567998,0.640934744018558,0.7598409997242995,0.7247856568181622,0.6608761005964703,0.284258303252395,0.5115277824438152,0.8277376937958192,0.5704916388729682
1,22,0.6067528204687923,0.6686260190374513,0.5751035851520926,0.9941012248237517,0.7298898123619251,0.7982951785417313,0.7507021504745678,0.4452570905685672,0.6378843401862805,0.4662716027287882,0.9360658595838651,0.8488383942999873
1,23,0.4575251813786543,0.4387284128810348,0.6971570950954356,0.9672710023077489,0.4637161439560341,0.9499589251028305,0.7331039277961198,0.37411854989914906,0.39977838716915093,0.40249961287648106,0.6691179600880888,0.6637551653563794
1,24,0.5455617275474817,0.5528068134210566,0.6645375949585147,0.9796593313319699,0.4554497478599228,0.9209280219070498,0.6851769872897833,0.34327862089684497,0.7809946664326318,0.5252982007950091,0.4980487844179175,0.5701253923357148
1,25,0.6110922589709866,0.7088950596967366,0.7368631557532348,0.8744392161784408,0.6453384477117701,0.8305426568771823,0.6896143440213258,0.20504651159359977,0.6620072098571973,0.5662910974354114,0.8183849544753695,0.9642608064546023
1,26,0.4849006422577697,0.6064280019095463,0.5035076539419895,0.850519758987071,0.6579572145730712,0.8026602434717741,0.7035049177583287,0.8084310694910484,0.4329017156511873,0.3364401383835731,0.9800511181510854,0.9839206009027275
1,27,0.6375698018345671,0.4922255222070694,0.6686051459998439,0.8937106539950176,0.44771399728467315,0.8084021928702784,0.6882398398697208,0.3345187451417475,0.692152454260267,0.7116398569619405,0.9238946352939438,0.5799152868522589
1,28,0.5399361310081194,0.5284696290740032,0.7058424486849588,0.9027862456144348,0.4579813182904143,0.8429462580911292,0.7771103293435927,0.4668119564621342,0.5101783265791104,0.4852117801573607,0.8209659415274626,0.3266920097278767
1,29,0.5708306250206723,0.6679597748934676,0.42412605135768855,0.9547095759235474,0.4718215391139493,0.7284045204361116,0.876841840127308,0.4584780050166619,0.6279160512683329,0.5028274434417271,0.7508363814367953,0.9015027379673843
1,30,0.5398293387770603,0.5269633368282863,0.48167414873342246,0.815376768514259,0.36555494889657225,0.7819836423803659,0.6554006571993732,0.5461110046713651,0.5727099225941712,0.6062321634884835,0.8807122596637311,0.5630740348479991
1,31,0.7852278184508937,0.6216458589581975,0.3960767822239899,0.9764775159730307,0.4081348053515802,0.6831991148285688,0.5904157616336737,0.6223605818808945,0.373046501751369,0.5349824196895252,0.7026453800295531,0.8581251198325537
1,32,0.5986502775262066,0.6045571839903814,0.5730593165555442,0.8920996050710506,0.3995859233247932,0.8279456185823696,0.6929374361318996,0.6290710232539618,0.4034675251523807,0.6429704950869868,0.847635776935622,0.3059792364576328
1,33,0.4942289071044099,0.5348399652394182,0.6717542255795962,0.878655946502629,0.42322024348958714,0.8453037157791919,0.9063767470123454,0.4125383842146592,0.6544941226371742,0.5430686247802736,0.8505470159166627,0.8785194676598618
1,34,0.6822544912103189,0.8143944089325326,0.7502357052096028,0.8493947812369916,0.4965315112613219,0.7661769476390439,0.6357060345624215,0.47493174293203827,0.44978370018401886,0.40813439380393435,0.9060209907498881,0.4577656141438437
1,35,0.47791563500289774,0.6633919022318011,0.6074094780419775,0.8172571664067115,0.5234214732536521,0.9101790734303024,0.8311293444355253,0.542386992573245,0.4394527305137005,0.5542255287809152,1.0,0.8461528238133049
1,36,0.6208863595004755,0.39748574133423925,0.7628615545571291,0.9411585291980957,0.6550500492814078,0.7141964035898362,0.8342160651261152,0.46269633107246794,0.35673161309759704,0.3284410689019007,0.8392415967178768,0.7028546135672867
1,37,0.40403298761202244,0.6186454314769427,0.4619898541785108,0.9036658983594202,0.4001645959261209,0.6974937583853126,0.6557129406633604,0.7411018364029989,0.5635398598390191,0.5162839558664785,0.7491036374292501,0.509212116120671
1,38,0.4671813951101569,0.5338213535231612,0.42966175606448453,0.8355019550129473,0.5984322398476584,0.8157116272991981,0.745518646334822,0.5736462427457377,0.8093787378864717,0.4950155014033309,0.7974425687808006,0.6185927374146438
1,39,0.6196861235869123,0.6852433334796224,0.5944452301103381,0.8352460613968192,0.4786011155774491,0.8732968811828509,0.830271729850283,0.6102316679074726,0.33987006286185906,0.46878247140911905,0.6230924095110882,0.8372636913913402
2,0,0.673846657999541,0.5207479261567299,0.6384065448939307,0.8832107650354936,0.4950536290347567,0.9178749384020508,0.669669780721001,0.5994321903001119,0.5036329185009137,0.48071937328416037,0.7305286868910942,0.7211788906230469
2,1,0.6171368281189971,0.58852635585331,0.5967305251905907,0.9834510762644697,0.5674819492166604,0.7678781015991742,0.683713571191811,0.6760210786227987,0.7118330833123143,0.21772264317535417,0.7590717561886896,0.8168825960944968
2,2,0.5884351717611759,0.6504987278980456,0.3932557899960123,0.8870204324318198,0.38772779784377015,0.8755076583401907,0.6534655268841084,0.527153233805556,0.48805379131314275,0.4176912638388558,0.7475911602065408,1.095288116903097
2,3,0.5698896304410711,0.6865755194170121,0.5910879960487211,0.8248428523440947,0.538240974618405,0.7973044071349505,0.6188194615445706,0.305475207806623,0.5678557694374601,0.5139267351711672,0.8152354872033722,0.3871516776577897
2,4,0.45214780096325724,0.47997035929442233,0.46955304994951463,0.8877128467957028,0.5166452208213056,0.7879160890041427,0.6480577963947194,0.5599531927628962,0.34064097077796807,0.52397845879961,0.7177580067617799,1.0234425149937247
2,5,0.5280155791605291,0.5665498764159052,0.6669672548830038,0.8863638215126165,0.5492451264008149,0.8618561956240671,0.6020847786590194,0.40229646593122564,0.5642460645811473,0.3458487288611063,0.9121030667324472,0.7208711875046425
2,6,0.5539361229040212,0.5525054688839044,0.6366598246096848,0.7651556678529214,0.5289168643907818,0.8456626014889395,0.702726677460738,0.42070749773753646,0.47192836024931767,0.6898561761297051,0.8000207064918198,0.5202431903353744
2,7,0.7057122226218916,0.5346670767426288,0.5060120213672644,0.8972852566741094,0.7455300139910894,0.6896525490111026,0.6384021415153086,0.587954602813264,0.6478594993519795,0.3700737727678249,0.7990699678861386,0.43393727485220196
2,8,0.6343618289568461,0.7765454240281097,0.5486133082663306,0.8884532734895662,0.4362260015748684,0.9033578244808127,0.7187028729432597,0.6857424607150453,0.6781079077347126,0.6454185800790105,0.7672105283487083,0.6621759218445933
2,9,0.4236959844637266,0.6404981710960955,0.49407864781110483,0.934810318240671,0.4469003044998182,0.8966063947903217,0.5755283483037098,0.5031907365104092,0.8884345463027921,0.5640791542807527,0.8155190683858979,0.8843300223848918
2,10,0.6324083969394795,0.47391160456649545,0.5937320902726828,0.9924478047472673,0.43768594735752353,0.756210610894333,0.7264704185771566,0.5463249518898445,0.5869449759820363,0.4030659035234295,0.8825098264667635,0.6744901759244931
2,11,0.5614917719583683,0.6917861947054775,0.6955142320501237,0.9563282514773879,0.4444522880839745,0.8277062473406187,0.7666823169287139,0.7553322416952857,0.548869447487325,0.7662966338914268,0.71328697842891,1.0022309860494696
2,12,0.5323077999694041,0.8122156197012633,0.5014273953664456,0.8865555654722584,0.4362612872693482,0.8345821130397918,0.5405011485942836,0.5361129769232852,0.5291576452366004,0.320954475236528,0.7341883510924744,0.40976486198968815
2,13,0.6611676288840868,0.7032465260551146,0.6504046515517844,0.8446737045629165,0.6189016531107552,0.8182471636076736,0.7299245255878057,0.8902524671270593,0.44702505607839677,0.6378731260415003,0.7696273971223335,0.697582210430789
2,14,0.7030999522495951,0.4480630034045986,0.5469742381627559,1.0,0.6420504247989856,0.7614786392308206,0.7982135193978633,0.5848264468447316,0.5507725765192537,0.6500873477064467,0.6654129076526786,0.44952131111737614
2,15,0.6931280119116199,0.5515765927133749,0.5207127167737655,0.9029609217007244,0.4429253706250524,0.7529863642443364,0.6032287185047035,0.23588558612662736,0.4556897884791456,0.3994069686385033,0.7180742140278502,0.7727263765249935
2,16,0.5160782476777361,0.7266911149186622,0.5892969640045442,0.9006964645956473,0.41676444268957713,0.7982112150305989,0.8338057909470162,0.6130012431656798,0.5252691464404421,0.7088697950096493,0.7523779126455341,0.8773774780194601
2,17,0.5690787624148785,0.5292330534381219,0.49647576775806257,0.8987937456444999,0.5471415556386404,0.8820910313481556,0.7335215207492836,0.5571737577324166,0.6976396303411939,0.4624930228101571,0.8874389180712728,0.6158476412637893
2,18,0.6331263431403564,0.6443819428146228,0.5446350694652817,0.9099042380383928,0.4447776955719029,0.8380520108216103,0.6435990515393273,0.6934629131124118,0.34901861520805383,0.5433040443919785,0.8262561329001925,0.17915722867457307
2,19,0.6975545127122359,0.6774634053429337,0.48021221074111514,0.8927819794038029,0.5632931817755511,0.7740569967539727,0.6955384737873834,0.6009772026904937,0.6709817841693568,0.5390482758156832,0.8193589911367545,0.7397896293592988
2,20,0.552082576215471,0.5073069528421916,0.7964725132916389,0.8713168996559882,0.52029230208513,0.8540189097453842,0.7446661530017378,0.47923160240243395,0.6975672601009798,0.4798536887794178,0.8850897962167973,0.7873477103467019
2,21,0.5814341023336183,0.59404746439382,0.6035263551971728,0.8726570529379805,0.34842558850027683,0.6006020165558947,0.7060804313129929,0.31635526455659513,0.4822897209513382,0.6216212409739673,0.7862628211600604,0.7808589509923395
2,22,0.4893665025993972,0.2758732659930927,0.5300274492007414,0.8983623364892,0.6547505201330062,0.8804135990260473,0.7431004793957094,0.46864651140709623,0.1817217651487108,0.6190233080828319,0.839046484992889,0.9471564383644308
2,23,0.4803793375919329,0.49756123586657097,0.6213979910734222,0.8728287614433118,0.6795877673095522,0.678220035485533,0.6263461125536507,0.37242193186860495,0.40882670193583515,0.2377202040142729,0.7896778247067504,0.4857892640701902
2,24,0.6812525822394198,0.574743184860684,0.588767195030917,0.8643577108661418,0.4387211309515614,0.7746291341017808,0.7135488659228862,0.4129214825292916,0.6945491819841664,0.6956510364317229,0.8265362349399629,0.8360432210900899
2,25,0.7356240028570823,0.47522168180351504,0.5779030400466777,0.9053215113845948,0.4612298440064016,0.72162310737617,0.5869028402476015,0.5882867606630915,0.4965697906551677,0.2506262017946489,0.7417241342388419,0.9385015024955949
2,26,0.5927989878419666,0.7632411303931635,0.6614166700043425,0.8872511391289573,0.5285865390724905,0.7093722966995366,0.691101915092104,0.750485675652711,0.3501046651557634,0.6548819306512486,0.5561182841723571,0.3442824831986966
2,27,0.7003532897892024,0.45698586220393667,0.6757507710047305,0.9751996494291344,0.5334456789987025,0.8812578751164964,0.6276873886828168,0.5592007294734471,0.4242837618157674,0.6690057705241375,0.7865720837813697,0.7639303651837954
2,28,0.6361636025047634,0.5559955513303017,0.5469498852389473,0.7674515095803494,0.5658544272672831,0.7672609159081677,0.6411576045928187,0.32061754069472237,0.6260930039756829,0.3363550354677203,0.9422748136099941,0.5991640337984656
2,29,0.5354880245394875,0.6130740577286091,0.542418175935532,0.9545753425961231,0.7010204538766349,0.8242552717211502,0.7988874540168349,0.5666904002330211,0.5820100352302069,0.4383778568068123,0.8926215402241593,0.6836954653796707
2,30,0.6361395605508414,0.7441273289066115,0.5724948302848356,0.9623042596248814,0.4823052772505951,0.7967155594784572,0.7873048096475415,0.6794947229968477,0.4641601851245459,0.3341442997271097,0.8965397484591171,0.7695352967076672
2,31,0.7538036566465969,0.45641378488205603,0.36980788352644145,0.7963304883795925,0.4201702755461546,0.8333928579056186,0.7487310496725741,0.4085325643520927,0.44497633822779686,0.4677618454566897,0.9236130721806218,0.6025542871772895
2,32,0.5964173960890048,0.716316375215496,0.4484808937801448,0.8828656202959826,0.3620680771985473,0.8053775323742179,0.6126149788261936,0.47989742499906235,0.4412362776434267,0.4537948573721388,0.8088657590961438,0.5648583841676775
2,33,0.7564643655814006,0.6010233061019586,0.7366874267444524,0.8814279567002105,0.42690699600580806,0.7101905443068002,0.6746873240244158,0.5022032292093795,0.3616384723252246,0.6169490798404009,0.8197315707405596,0.7068304834976049
2,34,0.3380254895910255,0.5018491348952049,0.7644967713501284,0.829624415264109,0.4966873027126203,0.8697386773612998,0.7970478159983346,0.382265253037664,0.7423063534204163,0.6965463119179413,0.738234810456565,0.48255081222743945
2,35,0.6821902504375223,0.6462103474263271,0.5750963960443621,0.8611091656204563,0.6794557863517787,0.7654370391787082,0.7113373530911923,0.5972420650765788,0.45165192961829903,0.7093525716184934,0.7683927143972951,0.48283497422296284
2,36,0.608704706823817,0.619905969557347,0.6576556963055766,0.8444712077267086,0.44823887009638286,0.6910392670938175,0.8855463631985355,0.48185777770883276,0.6825737781238245,0.4156747960132547,0.8615771149771142,0.8358746565913007
2,37,0.5700992649534132,0.5399783122841205,0.6311250154543536,0.9876135221711811,0.5223787951638899,0.7700319387323862,0.7314654271515497,0.5629298665860542,0.7281974077883677,0.46861671893832085,0.9203884437168817,0.4702411929682687
2,38,0.6091760776535502,0.6069802084990019,0.9078880808455237,0.9467839196573731,0.4983577103927248,0.9050531853444018,0.7153639293192025,0.36687617332968503,0.6497466347221941,0.24748427116685745,0.7860553724319,0.8332625001818423
2,39,0.4012431085399107,0.5614686403138239,0.7119574911434576,0.963577754749708,0.6188393273448084,0.8595155219479446,0.6752706828637999,0.43438125495148844,0.43525695309229273,0.37911949002557166,0.7549810735148589,0.7925182585707902
3,0,0.5780328112162488,0.6113517345251248,0.5872082408519234,0.9360836032021618,0.7526932425873623,0.7755943505914499,0.7106832723825826,0.6083572036741657,0.5605595135504914,0.6447277449646186,0.8000527958856598,0.3548386542418806
3,1,0.6357112571511746,0.6662130674521046,0.5044459559399574,0.8435474114391386,0.4469131227079679,0.77555196069771,0.6878024130895565,0.4440750271862349,0.49637065904136257,0.7423374235322348,0.8601206748929116,0.564487069532869
3,2,0.7477894044741515,0.7586016816145352,0.4393553679742427,0.8737739866860114,0.45105605574817775,0.7774855464147833,0.7566486941350872,0.7590445776850108,0.36444472089048074,0.31484766921801166,0.6556145183866459,0.9388218806094745
3,3,0.5481729781726352,0.47621845011731506,0.6203463635867222,0.9244687280613959,0.6044160877069072,0.9453723588492589,0.7765361853435667,0.44005457215780963,0.5486538922582405,0.41113036112706586,0.5703819046862763,0.5037668937720636
3,4,0.5191506397106812,0.8133033374656267,0.5243649254715697,0.8388936095554027,0.5681891489626312,0.8267354816562088,0.637120843159364,0.5337027088627829,0.32314403132602965,0.49603913645616093,0.7449463150508417,0.6071191475381225
3,5,0.5498242956415463,0.4047912200477498,0.4577746290402326,0.9356499215086195,0.6846707325736033,0.8301029153033749,0.5935013637153777,0.6398886247809634,0.6781519082692345,0.542024173822941,0.6779287574085842,0.7924121786503793
3,6,0.6915402117702074,0.5848214904964416,0.5353427115757473,0.8879837300920933,0.5583928185325964,0.872119841782229,0.5531035701517362,0.28724514006004526,0.43030740540524104,0.3785594720117531,0.749185980235269,0.856678101856519
3,7,0.6328751109659684,0.6588317206484576,0.4918451996385605,0.8812589596225201,0.46407079092129405,0.816715241131856,0.7406393061530034,0.2358786782028836,0.5301739483809259,0.5636091566696134,0.7852219681182528,0.6496922227911008
3,8,0.5470239796232961,0.6280991867735033,0.7687141635072565,0.9355479984101746,0.559065483069231,0.7818670497925508,0.6117306715060901,0.2711515528144858,0.5424931807319213,0.4289240979393626,0.7546751590976987,0.5804979610616716
3,9,0.6513267433113356,0.5377300480179406,0.688163975694945,0.922213165574302,0.6108703580582908,0.7862555105640515,0.5277687525638013,0.6893876155140773,0.4611642539443884,0.49783215936825814,0.9452467534470745,0.9844739723397016
3,10,0.609707754934804,0.5791877749642724,0.5992027358683383,0.881951691709046,0.5820482181197364,0.7949879118410156,0.7310862883624771,0.41722127811613297,0.5880040702212912,0.581942637200555,0.8326744764602321,1.0477799327595156
3,11,0.6968644990532888,0.5506999065341167,0.7479944138890026,0.9579664901682124,0.5507274031107298,0.7973944434443111,0.8994399613946232,0.8837298928502378,0.42876445150662135,0.5009633404716407,0.8300474359610829,0.8957716101563591
3,12,0.5297946906122647,0.5410635243055788,0.6077368307647618,0.8459468336200051,0.6066674689589154,0.8509340680545886,0.6995143270768085,0.4153628602013917,0.6306945946185867,0.4345421164210147,0.8622207144043402,0.7170636285130048
3,13,0.5672337853402232,0.6849602097021025,0.5138715798671736,0.9307967803472132,0.6169295590445673,0.803636212006511,0.7670792619561313,0.5276826954795556,0.2981030479629877,0.48355852941112537,0.6861166882219232,0.5383468556718147
3,14,0.5607891846867842,0.6357015485965047,0.7523124077269657,0.9296550628984193,0.6382158991037528,0.8512848054050905,0.7065463486838052,0.7313164928851813,0.5189569369319618,0.4867455561191997,0.9039111787420269,0.5339111186886869
3,15,0.4536485051867881,0.5307090404739345,0.6538910043684658,0.8845226780343005,0.5648709887589642,0.7943498393923993,0.6920888277447086,0.8009139332238684,0.7908393498587427,0.44449834551768086,0.792423571346454,0.8045028210531515
3,16,0.6296120277064576,0.6899599875433251,0.4962753845673543,0.916306651112106,0.4832881919683146,0.8055044633221264,0.7735261186390214,0.8092255364954597,0.3499503013091638,0.46118059059993466,0.8670480617241213,0.7836796441777367
3,17,0.626105527217989,0.6307299520876609,0.5809661321916392,0.8374443211807349,0.5146713686433323,0.6601259520827525,0.6767780364649079,0.6812549345889714,0.3983382544212723,0.7397970755757075,0.6928142766959845,0.9803197185892858
3,18,0.600511345664246,0.681286211883896,0.5124381746615243,0.9462013509603451,0.6206508966508357,0.8641429372291738,0.7213913851257522,0.6536093788717193,0.5770861774488373,0.5841379171911858,0.6446241233983936,0.8300900185072277
3,19,0.5765412866624853,0.6629628841923612,0.4617200269035664,0.8907548931778506,0.4183064329012764,0.8242541933128595,0.7257358244956811,0.5888790423801775,0.5269372672909397,0.45567795229562597,0.8817889658025029,0.3993839396480363
3,20,0.4584629257949585,0.5171004989077927,0.6926177547531641,0.873863848974048,0.5368673308872901,0.8698607076901756,0.6465527637085561,0.6167541614249956,0.5525945148910338,0.6045431606766103,0.8376409526097517,0.9103895235445837
3,21,0.557935467723464,0.543981895980303,0.790941664047013,0.9524504612918445,0.46066611876726393,0.5972621235264418,0.7793633879629218,0.41732214255072,0.5733780695221495,0.4499270765365985,0.709794844564249,0.5003878745371173
3,22,0.565728548347323,0.6747293605123261,0.4601432426180858,0.8647828154728621,0.5028744822934818,0.946186229334651,0.6860032194643673,0.37727016748665393,0.5952082202842655,0.6759686956379962,0.7130336918725306,0.6232057456095297
3,23,0.519772273077838,0.6610370265433465,0.656296923669057,0.8295769351818221,0.6278451862607299,0.7902287260291379,0.6395403872405724,0.4994938313883572,0.6664549762934335,0.5554463288297141,0.912543478441477,0.7500400412503389
3,24,0.583871428833399,0.5979098406035852,0.5349357430878173,0.8221685413238048,0.5191099068019903,0.8775727971716262,0.7429207874856323,0.4744723066212607,0.5614727985392769,0.4839046783993657,0.6810588107132672,1.0991334979567928
3,25,0.6404050856814538,0.6117327383308782,0.5512874616235304,0.930300497567282,0.5046436548156149,0.7272065851012128,0.628122561456717,0.4320157926009087,0.46381135180721866,0.5671575388715416,0.9642672953255964,1.3219837112010722
3,26,0.788618590121053,0.7277664895788425,0.5407606075761131,0.8359785323751858,0.3640143859020081,0.8428941733543799,0.7022544925895302,0.6044581171185073,0.6008860551804097,0.2643685771897251,0.7099379265352131,0.8213446118272365
3,27,0.6174577812831838,0.540842861116417,0.5136009230320184,0.9877397090992183,0.5746253566027221,0.7262609105778441,0.6992704802684637,0.6432957812855766,0.7849822902342823,0.3309848796635292,0.8638391925608383,0.6633606762559224
3,28,0.6257550390722764,0.6547097381170037,0.6048521627944827,0.7959035296058139,0.5645484181141075,0.7563361727512937,0.7868716452665262,0.5132610329437771,0.48010493804261395,0.3209112490401417,0.7671381524251015,0.80690112969611
3,29,0.5925554084233833,0.5797807347566106,0.5169049883588962,0.9848228184145019,0.716325472330546,0.9339821947706751,0.7379758586303962,0.7216295121582893,0.35382060429940376,0.5214414642145561,0.8603187431082343,0.8775310851747672
3,30,0.4081228784700958,0.578231879677278,0.6270456825779839,0.910550873360131,0.46922217650469994,0.7866522319465657,0.6979978433003884,0.32874663287997424,0.6660621003930459,0.7598772499227637,0.7455885997885808,0.6358664748885616
3,31,0.5973486124550783,0.709877685198719,0.5949761890550863,0.8951643444064804,0.521915032766394,0.8152203011225806,0.7654213039360229,0.4709510811080423,0.48194282540696026,0.8346950219288949,0.7837207093927706,1.0590422711824643
3,32,0.6060230209941027,0.6825416348988029,0.576105195313359,0.8727540456595525,0.5249383683710755,0.8609047411482128,0.8112166039213851,0.39247665190957925,0.17409956809789456,0.5957076652161135,0.8040919175395722,0.7460141518382803
3,33,0.8463242112485286,0.6813509636000639,0.5092436337958401,0.9199568057176035,0.6577453279763474,0.8346977321580824,0.7446248245081489,0.22001950743904103,0.6271132515725633,0.5751266712416685,0.6997812544218528,0.7995486178182788
3,34,0.5807639035218877,0.7305478807154329,0.5423228669431667,0.8981182648787576,0.4904704467613048,0.8105293233600503,0.7008282095874704,0.48759789712359514,0.4197007721069116,0.22984133987708916,0.8740824345420126,0.8331848504108923
3,35,0.6301547342333612,0.6021003841632759,0.6755391225825755,0.9551650941008261,0.5279021525770339,0.8255472701726358,0.5950531014119872,0.4817378737425075,0.4864200076543759,0.41859893003989673,0.7486786433528415,0.7843173221228911
3,36,0.5965288230294756,0.6681952971294963,0.6500917187624381,0.905711382433102,0.5607896509716539,0.9682390909666794,0.6147909069539701,0.7270174614863196,0.5497970495853521,0.38183243721376414,0.7771400084659982,0.8677881000939224
3,37,0.48313219623804676,0.5689733243406544,0.5022444755201448,0.9075150880730939,0.5186609123156358,0.795966684207649,0.6755820236516266,0.5946217526832166,0.52857495196686,0.4068728602623326,0.7005650625391489,0.5765493626906153
3,38,0.7142822814515021,0.6324166352488442,0.6099332305429226,0.8818193893893073,0.4553566385449472,0.8140769332700478,0.6512390238272573,0.3463719763506192,0.6064177725708559,0.4747784272122816,0.543766634120469,0.5883396492107938
3,39,0.6751933032686774,0.5869856945632315,0.6751387123371789,0.8971527188139466,0.5194089992898308,0.8735458077205329,0.6850422957611643,0.7781138849501282,0.4346770444145235,0.4291864133454309,0.7808972237399832,0.47996915340566093
4,0,0.6791031947043047,0.6096995964992717,0.43305947188786276,0.915390088444603,0.6073631749859772,0.877386815307059,0.7045319939917686,0.683155054328803,0.5769658697264124,0.20310502844363187,1.0,0.7879002461240452
4,1,0.5090612545205261,0.6595157025436913,0.6543360192379934,0.8144915803671687,0.39734847005889395,0.8830921213892267,0.7423754203485384,0.5873146555202924,0.4610679983624124,0.61218653841763,0.8784604287898025,0.8557873007024228
4,2,0.7402794310936099,0.5181779316766527,0.5337376241054153,0.8325907288947144,0.5132969674146876,0.8447111155420429,0.6943600977552726,0.46602738517252523,0.6108215721331255,0.33908854613902906,0.7980739620265606,0.7915545732303771
4,3,0.4598148937207719,0.809238727568546,0.6570598668593159,0.9371632047011358,0.42998791850608264,0.7199896561088662,0.7389201315060961,0.35608411449147803,0.592305122601958,0.5358870296166725,0.7737109170791733,1.0348984866695075
4,4,0.658685709380027,0.4993982618500298,0.5236740843457482,0.9085432719063972,0.6195046628924843,0.9143402072610768,0.7051579531848096,0.44416898358934204,0.3596841946933107,0.811112400462496,0.8022465892812047,0.6988807962341906
4,5,0.8190455625809978,0.47858113872122676,0.4195117899335481,0.890800833182366,0.3476813095216225,0.7197558224886919,0.5419626746916902,0.6633122929556279,0.6628973174262548,0.3620923112620365,0.854711911517521,0.8337483311185026
4,6,0.5009463674869311,0.7158110873500068,0.4372457562116837,0.9009216966532697,0.44410781527284116,0.8211844825667324,0.6248531684944996,0.7826879458901914,0.4196054832328928,0.12045687158805057,0.6819187184691156,0.4816598247721371
4,7,0.5433702270397228,0.6791662693962935,0.6048084946661382,0.9173790852680835,0.537721187506452,0.747200690498645,0.6884729955422707,0.7314865292408284,0.6212086697421717,0.4570993667179834,0.9114321694668872,0.6225800595051197
4,8,0.609965136508764,0.6624119817052155,0.6259722501721482,0.8730120159845319,0.6565524029234341,0.7955103157384905,0.6032244205727113,0.4266725867320589,0.555093097010201,0.6651439452497856,0.8715381315441244,0.8391075515131554
4,9,0.5496524345883801,0.662834550926428,0.5095683374895591,0.8610847637298844,0.49342497389270124,0.8230133687212436,0.7479942983996963,0.33205738500664833,0.7757275515192683,0.7937521181330891,0.8718185725707935,0.8698204221486288
4,10,0.4449336568933867,0.5987753227153085,0.6638592458777374,0.9097922627548841,0.44448004733068014,0.8224950050815192,0.8224600665874957,0.5211329370366806,0.4664801026442222,0.31556756083213744,0.8438475738809728,0.6412066104671635
4,11,0.6068562974806027,0.5102745628514168,0.433847993773104,0.8510813611192484,0.688115706944059,0.82953445279647,0.7975009481357853,0.23473409516557225,0.44760248058227037,0.5745048834854782,0.8019616657693991,0.6856801496283866
4,12,0.4937696286273895,0.6075804558193726,0.5933920201352684,0.9204126377857236,0.3551986099583756,0.9129597888341053,0.6829245703255833,0.5484751571277172,0.4970870591168401,0.430203431482992,0.867286123596682,0.39642525066383805
4,13,0.6473592430635181,0.5322838288487888,0.4788983800237543,0.814870819788108,0.28011940433799176,0.8317474011059787,0.8192580909479961,0.4778596120551997,0.4545230325748587,0.48410774685437963,0.8591814133741379,0.6285941598386781
4,14,0.5080575765766197,0.6975119733417751,0.534816389219784,0.9514577818662822,0.5440014450053332,0.7829090355296546,0.7118933965761689,0.43009452471976367,0.6199912852913075,0.8966515020525552,0.7645959289058977,0.8780766327039572
4,15,0.754993440501754,0.5852942618497861,0.6047398671316414,0.9236298741206521,0.4497945775647389,0.867486101780185,0.6730331223105568,0.2607945399099807,0.2575534087345118,0.27455445074072704,0.7426398227103099,0.8150410032213132
4,16,0.5216746707663763,0.5174502803207488,0.5139586634716047,0.9128014867156938,0.39787671828692867,0.8832629342247249,0.6509277869167248,0.5770400159854575,0.3419476371280469,0.538060949224186,0.8101856295261987,0.8001331442762419
4,17,0.5677938483794325,0.5678614158347006,0.5615444455770174,0.9491345491972757,0.5708356447299353,0.7140674529404105,0.6758024250809497,0.4200948740507133,0.33982956176312107,0.570153975764815,0.9549020151495188,0.709954737436192
4,18,0.6813517217369669,0.6412931454275624,0.700629280921444,0.9832737222231289,0.5243800713771198,0.8418180048894901,0.6689458545167016,0.3245124746434568,0.6425461387960364,0.662867948740902,0.6760892924346099,0.7014126317256353
4,19,0.4769135683566045,0.5436275447196025,0.5423108130476851,0.9507185032509066,0.44359213692632715,0.849082091961763,0.7136332977900389,0.06916066800775261,0.7565920058872888,0.5146974730206343,0.653247473424756,0.5679357721053105
4,20,0.6227459934604129,0.5177779604433568,0.6835692112065141,0.8079562884334177,0.37196956013291055,0.7791705547648006,0.7128459184839891,0.49587276424240456,0.48433261721937926,0.5462075809256154,0.8164760841236517,0.8397656840405069
4,21,0.7307142754282427,0.6243687211491912,0.48702931453423814,0.836021151663215,0.5872457328280145,0.8962994769318134,0.7002436816122731,0.7658377395004616,0.4746767415214984,0.44125271488673135,0.8050887701856019,0.784194588877878
4,22,0.4392516765438772,0.6244966571108722,0.6529804177915283,0.8687590711152161,0.5650201177958661,0.7894961089077231,0.7349550535797079,0.7491888821821805,0.5105078244669772,0.5403690411867661,0.8173341664370408,0.7984037695985599
4,23,0.6184633858532304,0.549305682462887,0.74415686206579,0.9013045525105418,0.49008241362206173,0.808790351743008,0.7952517019829073,0.4314355615120592,0.6742817453912285,0.44852115867538844,0.8243953197908501,0.5947930314664839
4,24,0.6259882794248424,0.5528961694381677,0.35283554998727107,0.9258829510234562,0.6846636996047666,0.7878849723001292,0.7759643308353059,0.4096681909457329,0.3608970298714139,0.5932357834784077,0.7776797745365195,0.26933141602575106
4,25,0.678182287177731,0.6232049937357637,0.5203104744529523,0.8637128093423267,0.39299152336738474,0.8010905333307028,0.5812081625240076,0.5703161384112536,0.5357553474102178,0.4445584495934549,0.9489863438602083,0.9194305423507391
4,26,0.4763049289121918,0.45519156585026754,0.657707212718054,0.9093383382238539,0.34744748290752614,0.723260743917336,0.49568630920784357,0.3502421841217563,0.6462796444673644,0.5565650590853279,0.6399096021523485,0.6042325087983191
4,27,0.4679543386915723,0.4592536225623445,0.5796954613957007,0.8622308533823339,0.43080919301187554,0.6991964382183994,0.7747455928991418,0.5452687849729199,0.5751641254909767,0.4956105779472533,0.7171502975219755,0.5274448471913759
4,28,0.6521941565616898,0.5281555778747564,0.6371145873371309,0.8694241098504026,0.4954413983644502,0.9116153544257481,0.5906497041267662,0.6149120417577035,0.5284372424898115,0.6689075376158252,0.7896745239850953,0.8386957823827987
4,29,0.6296984673233186,0.5786552848288152,0.5396014813284179,0.8296669451575889,0.5243339449322691,0.7407127056177171,0.6820187678485853,0.6840399835826462,0.6501569138850711,0.4922909414617271,0.6356811188845833,0.621597472016174
4,30,0.6250492850345877,0.6310907565598004,0.60865897874729,0.8538383376944548,0.475876394214367,0.7306025355380585,0.6063909579152512,0.4849768885280071,0.09451515605011446,0.2340451297689678,0.782414559556793,0.9119872768093243
4,31,0.6346448209496975,0.7475356216949551,0.584432276460792,0.8324157697191833,0.5352055396514297,0.64926269204774,0.5558415649935984,0.4694489374734551,0.6016812979296361,0.6892882251070988,0.9661470165728019,0.8234011899153395
4,32,0.5319975278421509,0.6857659623202019,0.7167782061659808,0.8512063373511334,0.37484605758095557,0.7552726776617349,0.743317018256383,0.3683026119865158,0.40188864753088643,0.36414015487060714,0.8020886488295962,0.8367138646400955
4,33,0.6232253697161003,0.5840061470036573,0.6254420843301213,0.952682089830392,0.644376460407326,0.7073837144614752,0.7607324128242117,0.375967946894021,0.2254050654715315,0.40193504920267703,0.8230700905718684,0.4268088577598931
4,34,0.6293072473298681,0.5980983792097311,0.6337602662075202,0.8525300555584029,0.4917848821607431,0.9149410612095459,0.6538791679418624,0.466028166214771,0.5766803899287472,0.4106508058934762,0.673983523482742,0.9423887970772801
4,35,0.5285648581973632,0.4997470635362191,0.5588123033877532,1.0,0.6117295831588128,0.8706871962539844,0.49271661662840716,0.5551048260224267,0.7060487817744436,0.7061657139756226,0.7383638591960523,0.7522501062467711
4,36,0.7865774511144756,0.598148686400761,0.5512393775927507,0.9246658950440445,0.5342725346377704,0.7518294758375593,0.6563004441398014,0.6370376939349874,0.4793827228058462,0.17964886790319567,0.7624803619676064,0.6261445721507594
4,37,0.6473832920911787,0.5711341361079861,0.5567441812180379,0.9092418061847437,0.5456753219153784,0.9576705063741017,0.7313443204322037,0.3795231573979483,0.6429311820804409,0.970662280048999,0.7682284903243767,0.7286776934684501
4,38,0.4808696502797351,0.632271856033809,0.6394452142378296,0.8570821109909393,0.5569767280232204,0.8687235840894116,0.5816870744980697,0.7239032853439282,0.7418417386982968,0.6584085213599078,0.9281643795003769,0.34475295342033596
4,39,0.665655360863383,0.5172769056447677,0.5579015519179736,0.9350154939704496,0.5447708560017315,0.7772618031543965,0.7146687935823324,0.4593314598436147,0.697237168037607,0.5334858371193739,0.8557691060725126,0.7817305622961341
5,0,0.5025318329772679,0.6519346514241172,0.6289774856896413,0.8712181086881113,0.5642722759867544,0.6250415999588499,0.6987752120661603,0.49679490584773456,0.745994679405709,0.49176589990755704,0.6888542043062968,0.49412569836358566
5,1,0.6787084603742451,0.7532738913002578,0.8075400798645439,0.9061004907322681,0.6329152530132431,0.960365980081352,0.746343319968087,0.3879182481278265,0.6113191236607838,0.5428331112286485,0.8246504778432006,0.4294659428312931
5,2,0.7158595579007404,0.5891239851543142,0.6871124703431692,1.0,0.519652116970147,0.7027299273265483,0.7095664294731322,0.13636396095905878,0.5113150458352389,0.5781683642569008,0.8498221748496786,0.3955281627564217
5,3,0.5179317681648289,0.6401711722098942,0.5673976467832159,0.8951970050137675,0.5709003757588512,0.6848220877130176,0.6221544847294755,0.6326068094541575,0.25970512821542474,0.5967823378925086,0.9140149038521267,0.922537674997985
5,4,0.6963376129244322,0.6690143991711113,0.7201213922163945,0.9574636663142838,0.4910264305712773,0.8715799302406748,0.7957257201331592,0.610526584563865,0.4630906267805077,0.5833406699005173,0.9580540686568374,0.5741473212614422
5,5,0.6412780926936498,0.5598779528114164,0.5591924626978448,0.8648411787437057,0.6440117215449472,0.9707826684437492,0.6873176341578423,0.45780086643226797,0.37351301070257126,0.5134371021882873,0.6984905808172132,1.0067455419832998
5,6,0.682206015999449,0.6224092481810417,0.39618754648221455,0.898250575475152,0.432360769794073,0.8968990972957364,0.6978156368392054,0.5100486075837308,0.8256414076246721,0.47039923695390107,0.7189142488789662,0.5928397073895404
5,7,0.7896792982653947,0.6012592400781794,0.49919136890825955,0.9885400317817755,0.6800940432910816,0.8394736384036652,0.6253385632741443,0.5773908826556149,0.4736171281351495,0.47730900745197324,0.6742422141085385,0.3585284084814106
5,8,0.5754611883997129,0.6097676098548831,0.41292080789741437,0.8686516471106116,0.49598420493556566,0.84163280391657,0.6645374199046792,0.2656181214670186,0.5184807210176728,0.47076375794709785,0.776598014089302,0.47669511201026815
5,9,0.5246263835642511,0.5226990216144534,0.5648486515958691,0.9906224278998464,0.3569224897881952,0.8597390891146216,0.6292157828778479,0.4206420983980558,0.5827228064060701,0.6700655145300597,0.8466358374446334,0.9471623240013877
5,10,0.5110485570374477,0.6024510174258942,0.6018418379189552,0.9353875967727738,0.5128104414910789,0.8531250012850736,0.6861643152061261,0.6191397019432741,0.506540366955868,0.5890335083421293,0.8987334516589103,0.6688203644126665
5,11,0.5184189715034562,0.6497998291245449,0.7676437312275283,0.8718766612052866,0.4318948342525119,0.8196833996778563,0.8369366784113874,0.31185658652461257,0.7542576560646129,0.058941704800357986,0.7924048976357477,0.5903425407018797
5,12,0.5922898290585895,0.7451143607795041,0.6326927373764163,0.931620386952776,0.5840643548988724,0.8072940772766314,0.5902479085654915,0.5440336898249944,0.4066025957398322,0.5983851164794641,0.7680152476745157,0.7320036451705575
5,13,0.6341151974816643,0.6959270826085207,0.5780899471191135,0.9486277224813365,0.4347376020697609,0.7956184810470335,0.5709150881698607,0.29651272930648925,0.5291911182855864,0.5292104292078162,0.815175799224874,0.800356547233509
5,14,0.6276690799330019,0.8153182457511556,0.6829405581183489,0.9310904981108599,0.45538165667852204,0.7472224787793327,0.8176936261994886,0.569964497365029,0.3886294121452928,0.4971936865331154,0.7164857098369978,0.9234797631804921
5,15,0.6827183249036024,0.523265243711195,0.3788864690992114,0.8214887640054772,0.31104592690544686,0.7803527446193259,0.6832541058278506,0.4946537776553775,0.30199662331689414,0.4417222320366671,1.0,0.9896998459785853
5,16,0.6013001891877907,0.6872320636720678,0.6235614558108565,0.8636431412087566,0.45476936807509233,0.6814930230063231,0.6464741809072067,0.2577302276141736,0.4082346363642072,0.6686169079979021,0.6392338972881941,0.6280462708421828
5,17,0.7453534077157317,0.6183342005738351,0.6770865193886967,0.8876240682224248,0.2576120673371043,0.7931162261243676,0.783192374991686,0.6747109031685757,0.4944444804427382,0.6421289693184287,0.8184740578895725,0.4347904627835923
5,18,0.5735343166762044,0.8189802933217672,0.4521413754220158,0.8962783285449977,0.34160971765142767,0.7307986224994358,0.6515507568210508,0.3898112634802926,0.435604666322411,0.38406834982645865,1.0,0.6173069677753448
5,19,0.8720169166589619,0.5191701714644849,0.7143754043206929,0.931033604877534,0.5760414656144297,0.7227487477948961,0.8460807770837548,0.3784621344478428,0.3961368530189216,0.5610578430686802,0.8006799844559999,0.7520561013165772
5,20,0.6625667347765006,0.5160278157819224,0.6338496407494414,0.9088850500466628,0.5785800158650832,0.8125925905807435,0.7542340697071415,0.5300853795846414,0.28905238044922493,0.3542514898188071,0.7809960964998506,0.5072482147578777
5,21,0.5142842443583717,0.5400607354555977,0.5584712086099198,0.8332327820644949,0.5425457561784964,0.897440160044122,0.6609670873483438,0.6722956024143073,0.4875341641056958,0.2930572752816604,0.7642554577189573,0.5085698170209914
5,22,0.49291075019388875,0.3876104275690193,0.6632781866106284,0.9190098925502982,0.4033023856870787,0.864282162420162,0.8725846570612402,0.3476267271532405,0.27429194389534967,0.40599241631150523,0.7819608318237593,0.768757576309977
5,23,0.6482472415243186,0.5474244978319238,0.8270692857804396,0.9305292872641912,0.495228864385802,0.6900649577463777,0.6515428061597329,0.5092519774771957,0.6140083945534404,0.6293590208574138,0.9372848474676531,0.6902695296859097
5,24,0.5776537214674149,0.5240867338446302,0.6181866255058495,0.927989522396552,0.49963974609094314,0.7307260304400764,0.7593676297607446,0.5643224750495859,0.5123659629401754,0.642968756806413,0.5788138088670494,0.7065593990823172
5,25,0.6714000494092092,0.6150393786476207,0.6248220586300336,0.9540390362777311,0.38416353108074575,0.8658539831591752,0.7239434064325193,0.6039658410894716,0.2813672750802604,0.576962813014594,0.9533433701296326,0.5483009330599861
5,26,0.6473237624573545,0.6341755975777159,0.5540639100459755,0.9416961077274453,0.650339830176715,0.7312258824523183,0.8041393031519039,0.5264662332915838,0.4536186384425205,0.6087643680271996,0.6576042847549856,0.6539198571588465
5,27,0.5927171087343127,0.7876170839215886,0.5150155630535208,0.9229590039614218,0.5877362290575672,0.7842756795002083,0.8249208957381482,0.44494582413750167,0.38717653916141254,0.5774267430672437,0.7733347670765586,0.5151533711463391
5,28,0.5153206281931595,0.6950423838186051,0.6830335816544245,0.8964917144270677,0.4779035826170336,0.8385036469317186,0.7025603319252612,0.37586146690269207,0.547876176562877,0.4037777607165572,0.7570755579701338,0.8780396822249573
5,29,0.4485152775314135,0.5423096344337597,0.5143916174091132,0.8169519533242005,0.502688583899453,0.7322158881595455,0.6397265703723053,0.5129215824569562,0.7010675669034717,0.5647883817010911,0.858855326977072,0.9070498669447504
5,30,0.5553485047932979,0.5101585328651642,0.6071566237219392,0.9214809109566293,0.5208382807947552,0.8073762854302172,0.7367977714351293,0.339179148202159,0.2187241295531383,0.6200614287841524,0.6401875648116253,0.33076242755238117
5,31,0.6856398794323473,0.6491919171506506,0.5522342553234884,0.9103843843581556,0.2958265131575709,0.7066182153557257,0.6457827704198315,0.06179742747580891,0.5172539118721126,0.6131436994720362,0.8462172666081943,0.5140978279615179
5,32,0.6214093744130204,0.46797667929793574,0.6478979825746392,0.9135789418597687,0.4752822617479403,0.7579042649234151,0.8610709798021298,0.5654839706236502,0.47598008066500397,0.6783370057211964,1.0,0.40069414898198413
5,33,0.4754261221288012,0.7831458765854353,0.6333662105286948,0.8361625712089845,0.4318015752002201,0.8223847353899776,0.710922826486619,0.6355902261629293,0.6007010114675698,0.6062455770801596,0.663682599540719,0.5699952131186203
5,34,0.6173180925851182,0.7179440120721287,0.7037539944257899,0.8459471729795869,0.3998379990105084,0.6884904386527831,0.6707742758950312,0.14556013466872425,0.5319794942356534,0.5527172311312374,0.8189706167610397,0.6833124060419278
5,35,0.6385317379728837,0.5530824347895295,0.5489983601145253,0.9526576426666452,0.4718899707114045,0.830833231657228,0.7147744244691926,0.34854039429350936,0.38720460023917713,0.6605225357474641,0.7338017822203391,0.4100709560602939
5,36,0.5116142563798867,0.42868654709091225,0.5730125064706628,0.8980222423071673,0.6797686526849522,0.7986253540751324,0.5922298968376243,0.5928731391507797,0.4521419096500073,0.496021811112641,0.8425887206193037,0.5156280373749373
5,37,0.6153725105945528,0.7353872374165413,0.5021236284217693,0.9340750348686312,0.564084286126701,0.8386742968092004,0.6222708769191478,0.8086243204567548,0.38059612147947663,0.3677188023158423,0.8019147777415753,0.4992085255837002
5,38,0.6058208718446,0.5885460154747382,0.5555706739923888,0.901415918806523,0.4428821010217203,0.8156739893845264,0.796033112635554,0.5031190561513111,0.6614010707897897,0.4755399554084354,0.7358513090955691,0.7414534658797888
5,39,0.48570297021693765,0.7237816311973462,0.6377300493044852,0.9014878069747873,0.5572582781356159,0.8954898300981692,0.6474484576822883,0.39079955881562983,0.5031967473007913,0.38826460327903267,0.8487872284871074,0.7138688674072501
